Year,Round,RaceID,Event,Driver,Team,Grid,Position,Classified,Won,Podium,Points,LapsDone,NStints,NStops,StartCompound,Sequence,WetRace,share_SOFT,share_MEDIUM,share_HARD,share_INTERMEDIATE,share_WET,share_UNKNOWN
2022,1,2022-01,Bahrain Grand Prix,LEC,Ferrari,1.0,1.0,True,1,1,26.0,57,4,3,SOFT,S-S-M-S,False,0.7368421052631579,0.2631578947368421,0.0,0.0,0.0,0.0
2022,1,2022-01,Bahrain Grand Prix,SAI,Ferrari,3.0,2.0,True,0,1,18.0,57,4,3,SOFT,S-S-M-S,False,0.8070175438596491,0.19298245614035087,0.0,0.0,0.0,0.0
2022,1,2022-01,Bahrain Grand Prix,HAM,Mercedes,5.0,3.0,True,0,1,15.0,57,4,3,SOFT,S-H-M-S,False,0.42105263157894735,0.2982456140350877,0.2807017543859649,0.0,0.0,0.0
2022,1,2022-01,Bahrain Grand Prix,RUS,Mercedes,9.0,4.0,True,0,0,12.0,57,4,3,SOFT,S-H-M-S,False,0.47368421052631576,0.21052631578947367,0.3157894736842105,0.0,0.0,0.0
2022,1,2022-01,Bahrain Grand Prix,MAG,Haas F1 Team,7.0,5.0,True,0,0,10.0,57,4,3,SOFT,S-S-M-S,False,0.7894736842105263,0.21052631578947367,0.0,0.0,0.0,0.0
2022,1,2022-01,Bahrain Grand Prix,BOT,Alfa Romeo,6.0,6.0,True,0,0,8.0,57,4,3,SOFT,S-M-M-S,False,0.45614035087719296,0.543859649122807,0.0,0.0,0.0,0.0
2022,1,2022-01,Bahrain Grand Prix,OCO,Alpine,11.0,7.0,True,0,0,6.0,57,4,3,SOFT,S-M-H-S,False,0.49122807017543857,0.2807017543859649,0.22807017543859648,0.0,0.0,0.0
2022,1,2022-01,Bahrain Grand Prix,TSU,AlphaTauri,16.0,8.0,True,0,0,4.0,57,4,3,SOFT,S-M-S-S,False,0.7543859649122807,0.24561403508771928,0.0,0.0,0.0,0.0
2022,1,2022-01,Bahrain Grand Prix,ALO,Alpine,8.0,9.0,True,0,0,2.0,57,4,3,SOFT,S-M-H-S,False,0.45614035087719296,0.24561403508771928,0.2982456140350877,0.0,0.0,0.0
2022,1,2022-01,Bahrain Grand Prix,ZHO,Alfa Romeo,15.0,10.0,True,0,0,1.0,57,4,3,SOFT,S-M-M-S,False,0.47368421052631576,0.5263157894736842,0.0,0.0,0.0,0.0
2022,1,2022-01,Bahrain Grand Prix,MSC,Haas F1 Team,12.0,11.0,True,0,0,0.0,57,3,2,SOFT,S-M-S,False,0.5964912280701754,0.40350877192982454,0.0,0.0,0.0,0.0
2022,1,2022-01,Bahrain Grand Prix,STR,Aston Martin,19.0,12.0,True,0,0,0.0,57,4,3,SOFT,S-S-M-S,False,0.8771929824561403,0.12280701754385964,0.0,0.0,0.0,0.0
2022,1,2022-01,Bahrain Grand Prix,ALB,Williams,14.0,13.0,True,0,0,0.0,57,4,3,SOFT,S-M-M-S,False,0.42105263157894735,0.5789473684210527,0.0,0.0,0.0,0.0
2022,1,2022-01,Bahrain Grand Prix,RIC,McLaren,18.0,14.0,True,0,0,0.0,57,4,3,MEDIUM,M-S-H-S,False,0.5087719298245614,0.2982456140350877,0.19298245614035087,0.0,0.0,0.0
2022,1,2022-01,Bahrain Grand Prix,NOR,McLaren,13.0,15.0,True,0,0,0.0,57,4,3,MEDIUM,M-H-S-S,False,0.2807017543859649,0.42105263157894735,0.2982456140350877,0.0,0.0,0.0
2022,1,2022-01,Bahrain Grand Prix,LAT,Williams,20.0,16.0,True,0,0,0.0,57,4,3,SOFT,S-S-M-S,False,0.7719298245614035,0.22807017543859648,0.0,0.0,0.0,0.0
2022,1,2022-01,Bahrain Grand Prix,HUL,Aston Martin,17.0,17.0,True,0,0,0.0,57,4,3,SOFT,S-S-M-S,False,0.8771929824561403,0.12280701754385964,0.0,0.0,0.0,0.0
2022,1,2022-01,Bahrain Grand Prix,PER,Red Bull Racing,4.0,18.0,True,0,0,0.0,57,4,3,SOFT,S-M-S-S,False,0.6842105263157895,0.3157894736842105,0.0,0.0,0.0,0.0
2022,1,2022-01,Bahrain Grand Prix,VER,Red Bull Racing,2.0,19.0,True,0,0,0.0,54,4,3,SOFT,S-S-M-S,False,0.7592592592592593,0.24074074074074073,0.0,0.0,0.0,0.0
2022,1,2022-01,Bahrain Grand Prix,GAS,AlphaTauri,10.0,20.0,False,0,0,0.0,45,3,2,SOFT,S-M-H,False,0.3111111111111111,0.4,0.28888888888888886,0.0,0.0,0.0
2022,2,2022-02,Saudi Arabian Grand Prix,VER,Red Bull Racing,4.0,1.0,True,1,1,25.0,50,2,1,MEDIUM,M-H,False,0.0,0.32,0.68,0.0,0.0,0.0
2022,2,2022-02,Saudi Arabian Grand Prix,LEC,Ferrari,2.0,2.0,True,0,1,19.0,50,2,1,MEDIUM,M-H,False,0.0,0.32,0.68,0.0,0.0,0.0
2022,2,2022-02,Saudi Arabian Grand Prix,SAI,Ferrari,3.0,3.0,True,0,1,15.0,50,2,1,MEDIUM,M-H,False,0.0,0.32,0.68,0.0,0.0,0.0
2022,2,2022-02,Saudi Arabian Grand Prix,PER,Red Bull Racing,1.0,4.0,True,0,0,12.0,50,2,1,MEDIUM,M-H,False,0.0,0.3,0.7,0.0,0.0,0.0
2022,2,2022-02,Saudi Arabian Grand Prix,RUS,Mercedes,6.0,5.0,True,0,0,10.0,50,2,1,MEDIUM,M-H,False,0.0,0.32,0.68,0.0,0.0,0.0
2022,2,2022-02,Saudi Arabian Grand Prix,OCO,Alpine,5.0,6.0,True,0,0,8.0,50,2,1,MEDIUM,M-H,False,0.0,0.32,0.68,0.0,0.0,0.0
2022,2,2022-02,Saudi Arabian Grand Prix,NOR,McLaren,11.0,7.0,True,0,0,6.0,50,2,1,MEDIUM,M-H,False,0.0,0.32,0.68,0.0,0.0,0.0
2022,2,2022-02,Saudi Arabian Grand Prix,GAS,AlphaTauri,9.0,8.0,True,0,0,4.0,50,2,1,MEDIUM,M-H,False,0.0,0.3,0.7,0.0,0.0,0.0
2022,2,2022-02,Saudi Arabian Grand Prix,MAG,Haas F1 Team,10.0,9.0,True,0,0,2.0,50,2,1,HARD,H-M,False,0.0,0.26,0.74,0.0,0.0,0.0
2022,2,2022-02,Saudi Arabian Grand Prix,HAM,Mercedes,15.0,10.0,True,0,0,1.0,50,2,1,HARD,H-M,False,0.0,0.2,0.8,0.0,0.0,0.0
2022,2,2022-02,Saudi Arabian Grand Prix,ZHO,Alfa Romeo,12.0,11.0,True,0,0,0.0,50,3,2,MEDIUM,M-H-H,False,0.0,0.32,0.68,0.0,0.0,0.0
2022,2,2022-02,Saudi Arabian Grand Prix,HUL,Aston Martin,17.0,12.0,True,0,0,0.0,50,2,1,HARD,H-M,False,0.0,0.26,0.74,0.0,0.0,0.0
2022,2,2022-02,Saudi Arabian Grand Prix,STR,Aston Martin,13.0,13.0,True,0,0,0.0,49,2,1,MEDIUM,M-H,False,0.0,0.2653061224489796,0.7346938775510204,0.0,0.0,0.0
2022,2,2022-02,Saudi Arabian Grand Prix,ALB,Williams,16.0,14.0,True,0,0,0.0,48,2,1,MEDIUM,M-H,False,0.0,0.2708333333333333,0.7291666666666666,0.0,0.0,0.0
2022,2,2022-02,Saudi Arabian Grand Prix,BOT,Alfa Romeo,8.0,15.0,False,0,0,0.0,36,3,2,MEDIUM,M-H-M,False,0.0,0.4722222222222222,0.5277777777777778,0.0,0.0,0.0
2022,2,2022-02,Saudi Arabian Grand Prix,ALO,Alpine,7.0,16.0,False,0,0,0.0,36,2,1,MEDIUM,M-H,False,0.0,0.4444444444444444,0.5555555555555556,0.0,0.0,0.0
2022,2,2022-02,Saudi Arabian Grand Prix,RIC,McLaren,14.0,17.0,False,0,0,0.0,36,2,1,MEDIUM,M-H,False,0.0,0.2222222222222222,0.7777777777777778,0.0,0.0,0.0
2022,2,2022-02,Saudi Arabian Grand Prix,LAT,Williams,18.0,18.0,False,0,0,0.0,15,1,0,MEDIUM,M,False,0.0,1.0,0.0,0.0,0.0,0.0
2022,3,2022-03,Australian Grand Prix,LEC,Ferrari,1.0,1.0,True,1,1,26.0,58,2,1,MEDIUM,M-H,False,0.0,0.3793103448275862,0.6206896551724138,0.0,0.0,0.0
2022,3,2022-03,Australian Grand Prix,PER,Red Bull Racing,3.0,2.0,True,0,1,18.0,58,2,1,MEDIUM,M-H,False,0.0,0.3448275862068966,0.6551724137931034,0.0,0.0,0.0
2022,3,2022-03,Australian Grand Prix,RUS,Mercedes,6.0,3.0,True,0,1,15.0,58,2,1,MEDIUM,M-H,False,0.0,0.39655172413793105,0.603448275862069,0.0,0.0,0.0
2022,3,2022-03,Australian Grand Prix,HAM,Mercedes,5.0,4.0,True,0,0,12.0,58,2,1,MEDIUM,M-H,False,0.0,0.3793103448275862,0.6206896551724138,0.0,0.0,0.0
2022,3,2022-03,Australian Grand Prix,NOR,McLaren,4.0,5.0,True,0,0,10.0,58,2,1,MEDIUM,M-H,False,0.0,0.3448275862068966,0.6551724137931034,0.0,0.0,0.0
2022,3,2022-03,Australian Grand Prix,RIC,McLaren,7.0,6.0,True,0,0,8.0,58,2,1,MEDIUM,M-H,False,0.0,0.3620689655172414,0.6379310344827587,0.0,0.0,0.0
2022,3,2022-03,Australian Grand Prix,OCO,Alpine,8.0,7.0,True,0,0,6.0,58,2,1,MEDIUM,M-H,False,0.0,0.29310344827586204,0.7068965517241379,0.0,0.0,0.0
2022,3,2022-03,Australian Grand Prix,BOT,Alfa Romeo,12.0,8.0,True,0,0,4.0,58,2,1,MEDIUM,M-H,False,0.0,0.3793103448275862,0.6206896551724138,0.0,0.0,0.0
2022,3,2022-03,Australian Grand Prix,GAS,AlphaTauri,11.0,9.0,True,0,0,2.0,58,2,1,MEDIUM,M-H,False,0.0,0.3620689655172414,0.6379310344827587,0.0,0.0,0.0
2022,3,2022-03,Australian Grand Prix,ALB,Williams,20.0,10.0,True,0,0,1.0,58,2,1,HARD,H-S,False,0.017241379310344827,0.0,0.9827586206896551,0.0,0.0,0.0
2022,3,2022-03,Australian Grand Prix,ZHO,Alfa Romeo,14.0,11.0,True,0,0,0.0,58,2,1,MEDIUM,M-H,False,0.0,0.3620689655172414,0.6379310344827587,0.0,0.0,0.0
2022,3,2022-03,Australian Grand Prix,STR,Aston Martin,19.0,12.0,True,0,0,0.0,58,4,3,HARD,H-M-H-H,False,0.0,0.017241379310344827,0.9827586206896551,0.0,0.0,0.0
2022,3,2022-03,Australian Grand Prix,MSC,Haas F1 Team,15.0,13.0,True,0,0,0.0,57,2,1,MEDIUM,M-H,False,0.0,0.24561403508771928,0.7543859649122807,0.0,0.0,0.0
2022,3,2022-03,Australian Grand Prix,MAG,Haas F1 Team,16.0,14.0,True,0,0,0.0,57,2,1,HARD,H-M,False,0.0,0.3157894736842105,0.6842105263157895,0.0,0.0,0.0
2022,3,2022-03,Australian Grand Prix,TSU,AlphaTauri,13.0,15.0,True,0,0,0.0,57,2,1,MEDIUM,M-H,False,0.0,0.3157894736842105,0.6842105263157895,0.0,0.0,0.0
2022,3,2022-03,Australian Grand Prix,LAT,Williams,18.0,16.0,True,0,0,0.0,57,3,2,MEDIUM,M-H-H,False,0.0,0.22807017543859648,0.7719298245614035,0.0,0.0,0.0
2022,3,2022-03,Australian Grand Prix,ALO,Alpine,10.0,17.0,True,0,0,0.0,57,3,2,HARD,H-M-M,False,0.0,0.3157894736842105,0.6842105263157895,0.0,0.0,0.0
2022,3,2022-03,Australian Grand Prix,VER,Red Bull Racing,2.0,18.0,False,0,0,0.0,39,2,1,MEDIUM,M-H,False,0.0,0.46153846153846156,0.5384615384615384,0.0,0.0,0.0
2022,3,2022-03,Australian Grand Prix,VET,Aston Martin,17.0,19.0,False,0,0,0.0,23,1,0,HARD,H,False,0.0,0.0,1.0,0.0,0.0,0.0
2022,3,2022-03,Australian Grand Prix,SAI,Ferrari,9.0,20.0,False,0,0,0.0,2,1,0,HARD,H,False,0.0,0.0,1.0,0.0,0.0,0.0
2022,4,2022-04,Emilia Romagna Grand Prix,VER,Red Bull Racing,1.0,1.0,True,1,1,26.0,63,3,2,INTERMEDIATE,I-M-S,True,0.19047619047619047,0.5079365079365079,0.0,0.30158730158730157,0.0,0.0
2022,4,2022-04,Emilia Romagna Grand Prix,PER,Red Bull Racing,3.0,2.0,True,0,1,18.0,63,3,2,INTERMEDIATE,I-M-S,True,0.20634920634920634,0.5079365079365079,0.0,0.2857142857142857,0.0,0.0
2022,4,2022-04,Emilia Romagna Grand Prix,NOR,McLaren,5.0,3.0,True,0,1,15.0,63,2,1,INTERMEDIATE,I-M,True,0.0,0.6984126984126984,0.0,0.30158730158730157,0.0,0.0
2022,4,2022-04,Emilia Romagna Grand Prix,RUS,Mercedes,11.0,4.0,True,0,0,12.0,63,2,1,INTERMEDIATE,I-M,True,0.0,0.7142857142857143,0.0,0.2857142857142857,0.0,0.0
2022,4,2022-04,Emilia Romagna Grand Prix,BOT,Alfa Romeo,7.0,5.0,True,0,0,10.0,63,2,1,INTERMEDIATE,I-M,True,0.0,0.7142857142857143,0.0,0.2857142857142857,0.0,0.0
2022,4,2022-04,Emilia Romagna Grand Prix,LEC,Ferrari,2.0,6.0,True,0,0,8.0,63,4,3,INTERMEDIATE,I-M-S-S,True,0.2222222222222222,0.47619047619047616,0.0,0.30158730158730157,0.0,0.0
2022,4,2022-04,Emilia Romagna Grand Prix,TSU,AlphaTauri,12.0,7.0,True,0,0,6.0,63,2,1,INTERMEDIATE,I-M,True,0.0,0.7142857142857143,0.0,0.2857142857142857,0.0,0.0
2022,4,2022-04,Emilia Romagna Grand Prix,VET,Aston Martin,13.0,8.0,True,0,0,4.0,63,2,1,INTERMEDIATE,I-M,True,0.0,0.7301587301587301,0.0,0.2698412698412698,0.0,0.0
2022,4,2022-04,Emilia Romagna Grand Prix,MAG,Haas F1 Team,8.0,9.0,True,0,0,2.0,63,2,1,INTERMEDIATE,I-M,True,0.0,0.7142857142857143,0.0,0.2857142857142857,0.0,0.0
2022,4,2022-04,Emilia Romagna Grand Prix,STR,Aston Martin,15.0,10.0,True,0,0,1.0,62,2,1,INTERMEDIATE,I-M,True,0.0,0.7096774193548387,0.0,0.2903225806451613,0.0,0.0
2022,4,2022-04,Emilia Romagna Grand Prix,ALB,Williams,18.0,11.0,True,0,0,0.0,62,2,1,INTERMEDIATE,I-M,True,0.0,0.7258064516129032,0.0,0.27419354838709675,0.0,0.0
2022,4,2022-04,Emilia Romagna Grand Prix,GAS,AlphaTauri,17.0,12.0,True,0,0,0.0,62,2,1,INTERMEDIATE,I-M,True,0.0,0.7258064516129032,0.0,0.27419354838709675,0.0,0.0
2022,4,2022-04,Emilia Romagna Grand Prix,HAM,Mercedes,14.0,13.0,True,0,0,0.0,62,2,1,INTERMEDIATE,I-M,True,0.0,0.7096774193548387,0.0,0.2903225806451613,0.0,0.0
2022,4,2022-04,Emilia Romagna Grand Prix,OCO,Alpine,16.0,14.0,True,0,0,0.0,62,2,1,INTERMEDIATE,I-M,True,0.0,0.7096774193548387,0.0,0.2903225806451613,0.0,0.0
2022,4,2022-04,Emilia Romagna Grand Prix,ZHO,Alfa Romeo,20.0,15.0,True,0,0,0.0,62,2,1,INTERMEDIATE,I-M,True,0.0,0.7096774193548387,0.0,0.2903225806451613,0.0,0.0
2022,4,2022-04,Emilia Romagna Grand Prix,LAT,Williams,19.0,16.0,True,0,0,0.0,62,2,1,INTERMEDIATE,I-M,True,0.0,0.7096774193548387,0.0,0.2903225806451613,0.0,0.0
2022,4,2022-04,Emilia Romagna Grand Prix,MSC,Haas F1 Team,10.0,17.0,True,0,0,0.0,62,3,2,INTERMEDIATE,I-M-S,True,0.16129032258064516,0.5483870967741935,0.0,0.2903225806451613,0.0,0.0
2022,4,2022-04,Emilia Romagna Grand Prix,RIC,McLaren,6.0,18.0,True,0,0,0.0,62,4,3,INTERMEDIATE,I-I-M-H,True,0.0,0.22580645161290322,0.5161290322580645,0.25806451612903225,0.0,0.0
2022,4,2022-04,Emilia Romagna Grand Prix,ALO,Alpine,9.0,19.0,False,0,0,0.0,6,1,0,INTERMEDIATE,I,True,0.0,0.0,0.0,1.0,0.0,0.0
2022,4,2022-04,Emilia Romagna Grand Prix,SAI,Ferrari,4.0,20.0,False,0,0,0.0,1,1,0,INTERMEDIATE,I,True,0.0,0.0,0.0,1.0,0.0,0.0
2022,5,2022-05,Miami Grand Prix,VER,Red Bull Racing,3.0,1.0,True,1,1,26.0,57,2,1,MEDIUM,M-H,False,0.0,0.45614035087719296,0.543859649122807,0.0,0.0,0.0
2022,5,2022-05,Miami Grand Prix,LEC,Ferrari,1.0,2.0,True,0,1,18.0,57,2,1,MEDIUM,M-H,False,0.0,0.42105263157894735,0.5789473684210527,0.0,0.0,0.0
2022,5,2022-05,Miami Grand Prix,SAI,Ferrari,2.0,3.0,True,0,1,15.0,57,2,1,MEDIUM,M-H,False,0.0,0.47368421052631576,0.5263157894736842,0.0,0.0,0.0
2022,5,2022-05,Miami Grand Prix,PER,Red Bull Racing,4.0,4.0,True,0,0,12.0,57,3,2,MEDIUM,M-H-M,False,0.0,0.7543859649122807,0.24561403508771928,0.0,0.0,0.0
2022,5,2022-05,Miami Grand Prix,RUS,Mercedes,12.0,5.0,True,0,0,10.0,57,2,1,HARD,H-M,False,0.0,0.2982456140350877,0.7017543859649122,0.0,0.0,0.0
2022,5,2022-05,Miami Grand Prix,HAM,Mercedes,6.0,6.0,True,0,0,8.0,57,2,1,MEDIUM,M-H,False,0.0,0.38596491228070173,0.6140350877192983,0.0,0.0,0.0
2022,5,2022-05,Miami Grand Prix,BOT,Alfa Romeo,5.0,7.0,True,0,0,6.0,57,2,1,MEDIUM,M-H,False,0.0,0.45614035087719296,0.543859649122807,0.0,0.0,0.0
2022,5,2022-05,Miami Grand Prix,OCO,Alpine,20.0,8.0,True,0,0,4.0,57,2,1,HARD,H-S,False,0.2807017543859649,0.0,0.7192982456140351,0.0,0.0,0.0
2022,5,2022-05,Miami Grand Prix,ALB,Williams,18.0,9.0,True,0,0,2.0,57,2,1,MEDIUM,M-H,False,0.0,0.2807017543859649,0.7192982456140351,0.0,0.0,0.0
2022,5,2022-05,Miami Grand Prix,STR,Aston Martin,20.0,10.0,True,0,0,1.0,57,2,1,HARD,H-M,False,0.0,0.2982456140350877,0.7017543859649122,0.0,0.0,0.0
2022,5,2022-05,Miami Grand Prix,ALO,Alpine,11.0,11.0,True,0,0,0.0,57,2,1,MEDIUM,M-H,False,0.0,0.2631578947368421,0.7368421052631579,0.0,0.0,0.0
2022,5,2022-05,Miami Grand Prix,TSU,AlphaTauri,9.0,12.0,True,0,0,0.0,57,3,2,MEDIUM,M-H-S,False,0.2807017543859649,0.19298245614035087,0.5263157894736842,0.0,0.0,0.0
2022,5,2022-05,Miami Grand Prix,RIC,McLaren,14.0,13.0,True,0,0,0.0,57,3,2,MEDIUM,M-H-S,False,0.2807017543859649,0.5263157894736842,0.19298245614035087,0.0,0.0,0.0
2022,5,2022-05,Miami Grand Prix,LAT,Williams,19.0,14.0,True,0,0,0.0,57,2,1,HARD,H-M,False,0.0,0.40350877192982454,0.5964912280701754,0.0,0.0,0.0
2022,5,2022-05,Miami Grand Prix,MSC,Haas F1 Team,15.0,15.0,True,0,0,0.0,57,3,2,MEDIUM,M-H-M,False,0.0,0.2982456140350877,0.7017543859649122,0.0,0.0,0.0
2022,5,2022-05,Miami Grand Prix,MAG,Haas F1 Team,16.0,16.0,True,0,0,0.0,57,3,2,MEDIUM,M-H-M,False,0.0,0.47368421052631576,0.5263157894736842,0.0,0.0,0.0
2022,5,2022-05,Miami Grand Prix,VET,Aston Martin,20.0,17.0,True,0,0,0.0,54,2,1,HARD,H-M,False,0.0,0.24074074074074073,0.7592592592592593,0.0,0.0,0.0
2022,5,2022-05,Miami Grand Prix,GAS,AlphaTauri,7.0,18.0,False,0,0,0.0,45,3,2,MEDIUM,M-H-S,False,0.1111111111111111,0.35555555555555557,0.5333333333333333,0.0,0.0,0.0
2022,5,2022-05,Miami Grand Prix,NOR,McLaren,8.0,19.0,False,0,0,0.0,40,2,1,MEDIUM,M-H,False,0.0,0.45,0.55,0.0,0.0,0.0
2022,5,2022-05,Miami Grand Prix,ZHO,Alfa Romeo,17.0,20.0,False,0,0,0.0,6,1,0,MEDIUM,M,False,0.0,1.0,0.0,0.0,0.0,0.0
2022,6,2022-06,Spanish Grand Prix,VER,Red Bull Racing,2.0,1.0,True,1,1,25.0,66,4,3,SOFT,S-M-S-M,False,0.4393939393939394,0.5606060606060606,0.0,0.0,0.0,0.0
2022,6,2022-06,Spanish Grand Prix,PER,Red Bull Racing,5.0,2.0,True,0,1,19.0,66,4,3,SOFT,S-M-M-S,False,0.45454545454545453,0.5454545454545454,0.0,0.0,0.0,0.0
2022,6,2022-06,Spanish Grand Prix,RUS,Mercedes,4.0,3.0,True,0,1,15.0,66,4,3,SOFT,S-M-M-S,False,0.42424242424242425,0.5757575757575758,0.0,0.0,0.0,0.0
2022,6,2022-06,Spanish Grand Prix,SAI,Ferrari,3.0,4.0,True,0,0,12.0,66,4,3,SOFT,S-M-M-S,False,0.4696969696969697,0.5303030303030303,0.0,0.0,0.0,0.0
2022,6,2022-06,Spanish Grand Prix,HAM,Mercedes,6.0,5.0,True,0,0,10.0,66,4,3,MEDIUM,M-S-M-S,False,0.5909090909090909,0.4090909090909091,0.0,0.0,0.0,0.0
2022,6,2022-06,Spanish Grand Prix,BOT,Alfa Romeo,7.0,6.0,True,0,0,8.0,66,3,2,SOFT,S-M-M,False,0.21212121212121213,0.7878787878787878,0.0,0.0,0.0,0.0
2022,6,2022-06,Spanish Grand Prix,OCO,Alpine,12.0,7.0,True,0,0,6.0,66,4,3,SOFT,S-M-S-S,False,0.6666666666666666,0.3333333333333333,0.0,0.0,0.0,0.0
2022,6,2022-06,Spanish Grand Prix,NOR,McLaren,11.0,8.0,True,0,0,4.0,66,4,3,SOFT,S-M-S-S,False,0.6818181818181818,0.3181818181818182,0.0,0.0,0.0,0.0
2022,6,2022-06,Spanish Grand Prix,ALO,Alpine,20.0,9.0,True,0,0,2.0,65,4,3,SOFT,S-M-S-S,False,0.676923076923077,0.3230769230769231,0.0,0.0,0.0,0.0
2022,6,2022-06,Spanish Grand Prix,TSU,AlphaTauri,13.0,10.0,True,0,0,1.0,65,4,3,SOFT,S-M-S-S,False,0.676923076923077,0.3230769230769231,0.0,0.0,0.0,0.0
2022,6,2022-06,Spanish Grand Prix,VET,Aston Martin,16.0,11.0,True,0,0,0.0,65,3,2,SOFT,S-S-M,False,0.6461538461538462,0.35384615384615387,0.0,0.0,0.0,0.0
2022,6,2022-06,Spanish Grand Prix,RIC,McLaren,9.0,12.0,True,0,0,0.0,65,4,3,SOFT,S-S-M-S,False,0.7384615384615385,0.26153846153846155,0.0,0.0,0.0,0.0
2022,6,2022-06,Spanish Grand Prix,GAS,AlphaTauri,14.0,13.0,True,0,0,0.0,65,4,3,SOFT,S-M-S-S,False,0.7076923076923077,0.2923076923076923,0.0,0.0,0.0,0.0
2022,6,2022-06,Spanish Grand Prix,MSC,Haas F1 Team,10.0,14.0,True,0,0,0.0,65,3,2,SOFT,S-S-M,False,0.46153846153846156,0.5384615384615384,0.0,0.0,0.0,0.0
2022,6,2022-06,Spanish Grand Prix,STR,Aston Martin,17.0,15.0,True,0,0,0.0,65,4,3,SOFT,S-S-M-S,False,0.7076923076923077,0.2923076923076923,0.0,0.0,0.0,0.0
2022,6,2022-06,Spanish Grand Prix,LAT,Williams,19.0,16.0,True,0,0,0.0,64,4,3,SOFT,S-M-S-S,False,0.78125,0.21875,0.0,0.0,0.0,0.0
2022,6,2022-06,Spanish Grand Prix,MAG,Haas F1 Team,8.0,17.0,True,0,0,0.0,64,3,2,SOFT,S-M-H,False,0.015625,0.4375,0.546875,0.0,0.0,0.0
2022,6,2022-06,Spanish Grand Prix,ALB,Williams,18.0,18.0,True,0,0,0.0,64,5,4,SOFT,S-M-S-M-S,False,0.640625,0.359375,0.0,0.0,0.0,0.0
2022,6,2022-06,Spanish Grand Prix,ZHO,Alfa Romeo,15.0,19.0,False,0,0,0.0,28,2,1,SOFT,S-M,False,0.35714285714285715,0.6428571428571429,0.0,0.0,0.0,0.0
2022,6,2022-06,Spanish Grand Prix,LEC,Ferrari,1.0,20.0,False,0,0,0.0,27,2,1,SOFT,S-M,False,0.7777777777777778,0.2222222222222222,0.0,0.0,0.0,0.0
2022,7,2022-07,Monaco Grand Prix,PER,Red Bull Racing,3.0,1.0,True,1,1,25.0,64,4,3,WET,W-I-H-M,True,0.0,0.53125,0.125,0.09375,0.25,0.0
2022,7,2022-07,Monaco Grand Prix,SAI,Ferrari,2.0,2.0,True,0,1,18.0,64,3,2,WET,W-H-H,True,0.0,0.0,0.671875,0.0,0.328125,0.0
2022,7,2022-07,Monaco Grand Prix,VER,Red Bull Racing,4.0,3.0,True,0,1,15.0,64,4,3,WET,W-I-H-M,True,0.0,0.53125,0.125,0.0625,0.28125,0.0
2022,7,2022-07,Monaco Grand Prix,LEC,Ferrari,1.0,4.0,True,0,0,12.0,64,4,3,WET,W-I-H-H,True,0.0,0.0,0.671875,0.046875,0.28125,0.0
2022,7,2022-07,Monaco Grand Prix,RUS,Mercedes,6.0,5.0,True,0,0,10.0,64,3,2,WET,W-H-M,True,0.0,0.53125,0.140625,0.0,0.328125,0.0
2022,7,2022-07,Monaco Grand Prix,NOR,McLaren,5.0,6.0,True,0,0,9.0,64,5,4,WET,W-I-H-H-M,True,0.0,0.203125,0.453125,0.078125,0.265625,0.0
2022,7,2022-07,Monaco Grand Prix,ALO,Alpine,7.0,7.0,True,0,0,6.0,64,3,2,WET,W-H-M,True,0.0,0.53125,0.140625,0.0,0.328125,0.0
2022,7,2022-07,Monaco Grand Prix,HAM,Mercedes,8.0,8.0,True,0,0,4.0,64,4,3,WET,W-I-H-M,True,0.0,0.53125,0.125,0.109375,0.234375,0.0
2022,7,2022-07,Monaco Grand Prix,BOT,Alfa Romeo,12.0,9.0,True,0,0,2.0,64,3,2,WET,W-H-H,True,0.0,0.0,0.6875,0.0,0.3125,0.0
2022,7,2022-07,Monaco Grand Prix,VET,Aston Martin,9.0,10.0,True,0,0,1.0,64,4,3,WET,W-I-H-H,True,0.0,0.0,0.640625,0.265625,0.09375,0.0
2022,7,2022-07,Monaco Grand Prix,GAS,AlphaTauri,17.0,11.0,True,0,0,0.0,64,4,3,INTERMEDIATE,I-I-H-H,True,0.0,0.0,0.65625,0.34375,0.0,0.0
2022,7,2022-07,Monaco Grand Prix,OCO,Alpine,10.0,12.0,True,0,0,0.0,64,3,2,WET,W-H-M,True,0.0,0.53125,0.140625,0.0,0.328125,0.0
2022,7,2022-07,Monaco Grand Prix,RIC,McLaren,14.0,13.0,True,0,0,0.0,64,3,2,WET,W-H-H,True,0.0,0.0,0.703125,0.0,0.296875,0.0
2022,7,2022-07,Monaco Grand Prix,STR,Aston Martin,18.0,14.0,True,0,0,0.0,64,5,4,WET,W-W-I-H-N,True,0.0,0.0,0.078125,0.34375,0.03125,0.0
2022,7,2022-07,Monaco Grand Prix,LAT,Williams,19.0,15.0,True,0,0,0.0,63,4,3,WET,W-I-H-M,True,0.0,0.6507936507936508,0.31746031746031744,0.015873015873015872,0.015873015873015872,0.0
2022,7,2022-07,Monaco Grand Prix,ZHO,Alfa Romeo,20.0,16.0,True,0,0,0.0,63,3,2,WET,W-H-M,True,0.0,0.5396825396825397,0.15873015873015872,0.0,0.30158730158730157,0.0
2022,7,2022-07,Monaco Grand Prix,TSU,AlphaTauri,11.0,17.0,True,0,0,0.0,63,5,4,WET,W-I-H-M-S,True,0.1111111111111111,0.42857142857142855,0.12698412698412698,0.23809523809523808,0.09523809523809523,0.0
2022,7,2022-07,Monaco Grand Prix,ALB,Williams,16.0,18.0,False,0,0,0.0,49,4,3,WET,W-H-M-M,True,0.0,0.5510204081632653,0.08163265306122448,0.0,0.3673469387755102,0.0
2022,7,2022-07,Monaco Grand Prix,MSC,Haas F1 Team,15.0,19.0,False,0,0,0.0,25,3,2,WET,W-I-H,True,0.0,0.0,0.32,0.52,0.16,0.0
2022,7,2022-07,Monaco Grand Prix,MAG,Haas F1 Team,13.0,20.0,False,0,0,0.0,20,1,0,WET,W,True,0.0,0.0,0.0,0.0,1.0,0.0
2022,8,2022-08,Azerbaijan Grand Prix,VER,Red Bull Racing,3.0,1.0,True,1,1,25.0,51,3,2,MEDIUM,M-H-H,False,0.0,0.35294117647058826,0.6470588235294118,0.0,0.0,0.0
2022,8,2022-08,Azerbaijan Grand Prix,PER,Red Bull Racing,2.0,2.0,True,0,1,19.0,51,3,2,MEDIUM,M-H-H,False,0.0,0.3137254901960784,0.6862745098039216,0.0,0.0,0.0
2022,8,2022-08,Azerbaijan Grand Prix,RUS,Mercedes,5.0,3.0,True,0,1,15.0,51,3,2,MEDIUM,M-H-H,False,0.0,0.17647058823529413,0.8235294117647058,0.0,0.0,0.0
2022,8,2022-08,Azerbaijan Grand Prix,HAM,Mercedes,7.0,4.0,True,0,0,12.0,51,3,2,MEDIUM,M-H-H,False,0.0,0.17647058823529413,0.8235294117647058,0.0,0.0,0.0
2022,8,2022-08,Azerbaijan Grand Prix,GAS,AlphaTauri,6.0,5.0,True,0,0,10.0,51,2,1,MEDIUM,M-H,False,0.0,0.17647058823529413,0.8235294117647058,0.0,0.0,0.0
2022,8,2022-08,Azerbaijan Grand Prix,VET,Aston Martin,9.0,6.0,True,0,0,8.0,51,2,1,MEDIUM,M-H,False,0.0,0.17647058823529413,0.8235294117647058,0.0,0.0,0.0
2022,8,2022-08,Azerbaijan Grand Prix,ALO,Alpine,10.0,7.0,True,0,0,6.0,51,2,1,MEDIUM,M-H,False,0.0,0.35294117647058826,0.6470588235294118,0.0,0.0,0.0
2022,8,2022-08,Azerbaijan Grand Prix,RIC,McLaren,12.0,8.0,True,0,0,4.0,51,2,1,HARD,H-M,False,0.0,0.35294117647058826,0.6470588235294118,0.0,0.0,0.0
2022,8,2022-08,Azerbaijan Grand Prix,NOR,McLaren,11.0,9.0,True,0,0,2.0,51,2,1,MEDIUM,M-H,False,0.0,0.39215686274509803,0.6078431372549019,0.0,0.0,0.0
2022,8,2022-08,Azerbaijan Grand Prix,OCO,Alpine,13.0,10.0,True,0,0,1.0,51,2,1,HARD,H-M,False,0.0,0.35294117647058826,0.6470588235294118,0.0,0.0,0.0
2022,8,2022-08,Azerbaijan Grand Prix,BOT,Alfa Romeo,15.0,11.0,True,0,0,0.0,50,2,1,HARD,H-M,False,0.0,0.34,0.66,0.0,0.0,0.0
2022,8,2022-08,Azerbaijan Grand Prix,ALB,Williams,17.0,12.0,True,0,0,0.0,50,3,2,MEDIUM,M-H-H,False,0.0,0.18,0.82,0.0,0.0,0.0
2022,8,2022-08,Azerbaijan Grand Prix,TSU,AlphaTauri,8.0,13.0,True,0,0,0.0,50,3,2,MEDIUM,M-H-S,False,0.24,0.18,0.58,0.0,0.0,0.0
2022,8,2022-08,Azerbaijan Grand Prix,MSC,Haas F1 Team,20.0,14.0,True,0,0,0.0,50,3,2,HARD,H-M-H,False,0.0,0.28,0.72,0.0,0.0,0.0
2022,8,2022-08,Azerbaijan Grand Prix,LAT,Williams,18.0,15.0,True,0,0,0.0,50,3,2,MEDIUM,M-M-H,False,0.0,0.34,0.66,0.0,0.0,0.0
2022,8,2022-08,Azerbaijan Grand Prix,STR,Aston Martin,19.0,16.0,True,0,0,0.0,46,2,1,HARD,H-M,False,0.0,0.34782608695652173,0.6521739130434783,0.0,0.0,0.0
2022,8,2022-08,Azerbaijan Grand Prix,MAG,Haas F1 Team,16.0,17.0,False,0,0,0.0,32,2,1,MEDIUM,M-H,False,0.0,0.28125,0.71875,0.0,0.0,0.0
2022,8,2022-08,Azerbaijan Grand Prix,ZHO,Alfa Romeo,14.0,18.0,False,0,0,0.0,23,2,1,MEDIUM,M-H,False,0.0,0.391304347826087,0.6086956521739131,0.0,0.0,0.0
2022,8,2022-08,Azerbaijan Grand Prix,LEC,Ferrari,1.0,19.0,False,0,0,0.0,21,2,1,MEDIUM,M-H,False,0.0,0.42857142857142855,0.5714285714285714,0.0,0.0,0.0
2022,8,2022-08,Azerbaijan Grand Prix,SAI,Ferrari,4.0,20.0,False,0,0,0.0,9,1,0,MEDIUM,M,False,0.0,1.0,0.0,0.0,0.0,0.0
2022,9,2022-09,Canadian Grand Prix,VER,Red Bull Racing,1.0,1.0,True,1,1,25.0,70,3,2,MEDIUM,M-H-H,False,0.0,0.12857142857142856,0.8714285714285714,0.0,0.0,0.0
2022,9,2022-09,Canadian Grand Prix,SAI,Ferrari,3.0,2.0,True,0,1,19.0,70,3,2,MEDIUM,M-H-H,False,0.0,0.2857142857142857,0.7142857142857143,0.0,0.0,0.0
2022,9,2022-09,Canadian Grand Prix,HAM,Mercedes,4.0,3.0,True,0,1,15.0,70,3,2,MEDIUM,M-H-H,False,0.0,0.12857142857142856,0.8714285714285714,0.0,0.0,0.0
2022,9,2022-09,Canadian Grand Prix,RUS,Mercedes,8.0,4.0,True,0,0,12.0,70,3,2,MEDIUM,M-H-H,False,0.0,0.2714285714285714,0.7285714285714285,0.0,0.0,0.0
2022,9,2022-09,Canadian Grand Prix,LEC,Ferrari,19.0,5.0,True,0,0,10.0,70,2,1,HARD,H-M,False,0.0,0.4142857142857143,0.5857142857142857,0.0,0.0,0.0
2022,9,2022-09,Canadian Grand Prix,OCO,Alpine,7.0,6.0,True,0,0,8.0,70,3,2,MEDIUM,M-H-M,False,0.0,0.5714285714285714,0.42857142857142855,0.0,0.0,0.0
2022,9,2022-09,Canadian Grand Prix,BOT,Alfa Romeo,11.0,7.0,True,0,0,6.0,70,2,1,HARD,H-M,False,0.0,0.3,0.7,0.0,0.0,0.0
2022,9,2022-09,Canadian Grand Prix,ZHO,Alfa Romeo,10.0,8.0,True,0,0,4.0,70,3,2,MEDIUM,M-H-H,False,0.0,0.2714285714285714,0.7285714285714285,0.0,0.0,0.0
2022,9,2022-09,Canadian Grand Prix,ALO,Alpine,2.0,9.0,True,0,0,2.0,70,3,2,MEDIUM,M-H-M,False,0.0,0.7,0.3,0.0,0.0,0.0
2022,9,2022-09,Canadian Grand Prix,STR,Aston Martin,17.0,10.0,True,0,0,1.0,70,2,1,HARD,H-M,False,0.0,0.32857142857142857,0.6714285714285714,0.0,0.0,0.0
2022,9,2022-09,Canadian Grand Prix,RIC,McLaren,9.0,11.0,True,0,0,0.0,70,3,2,MEDIUM,M-H-H,False,0.0,0.2714285714285714,0.7285714285714285,0.0,0.0,0.0
2022,9,2022-09,Canadian Grand Prix,VET,Aston Martin,16.0,12.0,True,0,0,0.0,70,3,2,MEDIUM,M-H-H,False,0.0,0.07142857142857142,0.9285714285714286,0.0,0.0,0.0
2022,9,2022-09,Canadian Grand Prix,ALB,Williams,12.0,13.0,True,0,0,0.0,70,3,2,MEDIUM,M-H-H,False,0.0,0.2571428571428571,0.7428571428571429,0.0,0.0,0.0
2022,9,2022-09,Canadian Grand Prix,GAS,AlphaTauri,15.0,14.0,True,0,0,0.0,70,3,2,MEDIUM,M-H-H,False,0.0,0.07142857142857142,0.9285714285714286,0.0,0.0,0.0
2022,9,2022-09,Canadian Grand Prix,NOR,McLaren,14.0,15.0,True,0,0,0.0,70,3,2,HARD,H-H-M,False,0.0,0.4,0.6,0.0,0.0,0.0
2022,9,2022-09,Canadian Grand Prix,LAT,Williams,18.0,16.0,True,0,0,0.0,70,3,2,MEDIUM,M-H-H,False,0.0,0.12857142857142856,0.8714285714285714,0.0,0.0,0.0
2022,9,2022-09,Canadian Grand Prix,MAG,Haas F1 Team,5.0,17.0,True,0,0,0.0,70,2,1,MEDIUM,M-H,False,0.0,0.1,0.9,0.0,0.0,0.0
2022,9,2022-09,Canadian Grand Prix,TSU,AlphaTauri,20.0,18.0,False,0,0,0.0,47,2,1,MEDIUM,M-H,False,0.0,0.19148936170212766,0.8085106382978723,0.0,0.0,0.0
2022,9,2022-09,Canadian Grand Prix,MSC,Haas F1 Team,6.0,19.0,False,0,0,0.0,19,1,0,MEDIUM,M,False,0.0,1.0,0.0,0.0,0.0,0.0
2022,9,2022-09,Canadian Grand Prix,PER,Red Bull Racing,13.0,20.0,False,0,0,0.0,8,1,0,HARD,H,False,0.0,0.0,1.0,0.0,0.0,0.0
2022,10,2022-10,British Grand Prix,SAI,Ferrari,1.0,1.0,True,1,1,25.0,52,4,3,MEDIUM,M-M-H-S,False,0.25,0.38461538461538464,0.36538461538461536,0.0,0.0,0.0
2022,10,2022-10,British Grand Prix,PER,Red Bull Racing,4.0,2.0,True,0,1,18.0,52,4,3,MEDIUM,M-M-M-S,False,0.25,0.75,0.0,0.0,0.0,0.0
2022,10,2022-10,British Grand Prix,HAM,Mercedes,5.0,3.0,True,0,1,16.0,52,4,3,MEDIUM,M-M-H-S,False,0.25,0.6346153846153846,0.11538461538461539,0.0,0.0,0.0
2022,10,2022-10,British Grand Prix,LEC,Ferrari,3.0,4.0,True,0,0,12.0,52,3,2,MEDIUM,M-M-H,False,0.0,0.4807692307692308,0.5192307692307693,0.0,0.0,0.0
2022,10,2022-10,British Grand Prix,ALO,Alpine,7.0,5.0,True,0,0,10.0,52,4,3,MEDIUM,M-M-H-S,False,0.25,0.6346153846153846,0.11538461538461539,0.0,0.0,0.0
2022,10,2022-10,British Grand Prix,NOR,McLaren,6.0,6.0,True,0,0,8.0,52,4,3,MEDIUM,M-M-H-S,False,0.23076923076923078,0.6538461538461539,0.11538461538461539,0.0,0.0,0.0
2022,10,2022-10,British Grand Prix,VER,Red Bull Racing,2.0,7.0,True,0,0,6.0,52,5,4,SOFT,S-M-M-H-S,False,0.2692307692307692,0.4230769230769231,0.3076923076923077,0.0,0.0,0.0
2022,10,2022-10,British Grand Prix,MSC,Haas F1 Team,19.0,8.0,True,0,0,4.0,52,4,3,MEDIUM,M-M-H-S,False,0.25,0.36538461538461536,0.38461538461538464,0.0,0.0,0.0
2022,10,2022-10,British Grand Prix,VET,Aston Martin,18.0,9.0,True,0,0,2.0,52,4,3,SOFT,S-S-M-M,False,0.11538461538461539,0.8846153846153846,0.0,0.0,0.0,0.0
2022,10,2022-10,British Grand Prix,MAG,Haas F1 Team,17.0,10.0,True,0,0,1.0,52,3,2,SOFT,S-M-M,False,0.019230769230769232,0.9807692307692307,0.0,0.0,0.0,0.0
2022,10,2022-10,British Grand Prix,STR,Aston Martin,20.0,11.0,True,0,0,0.0,52,4,3,MEDIUM,M-M-H-M,False,0.0,0.5192307692307693,0.4807692307692308,0.0,0.0,0.0
2022,10,2022-10,British Grand Prix,LAT,Williams,10.0,12.0,True,0,0,0.0,52,4,3,SOFT,S-S-M-S,False,0.6153846153846154,0.38461538461538464,0.0,0.0,0.0,0.0
2022,10,2022-10,British Grand Prix,RIC,McLaren,14.0,13.0,True,0,0,0.0,52,5,4,MEDIUM,M-M-H-S-S,False,0.38461538461538464,0.38461538461538464,0.23076923076923078,0.0,0.0,0.0
2022,10,2022-10,British Grand Prix,TSU,AlphaTauri,13.0,14.0,True,0,0,0.0,52,4,3,MEDIUM,M-S-H-S,False,0.5961538461538461,0.019230769230769232,0.38461538461538464,0.0,0.0,0.0
2022,10,2022-10,British Grand Prix,OCO,Alpine,15.0,15.0,False,0,0,0.0,38,3,2,MEDIUM,M-S-H,False,0.5526315789473685,0.02631578947368421,0.42105263157894735,0.0,0.0,0.0
2022,10,2022-10,British Grand Prix,GAS,AlphaTauri,11.0,16.0,False,0,0,0.0,26,3,2,MEDIUM,M-S-H,False,0.5769230769230769,0.038461538461538464,0.38461538461538464,0.0,0.0,0.0
2022,10,2022-10,British Grand Prix,BOT,Alfa Romeo,12.0,17.0,False,0,0,0.0,20,2,1,MEDIUM,M-M,False,0.0,1.0,0.0,0.0,0.0,0.0
2022,10,2022-10,British Grand Prix,RUS,Mercedes,8.0,18.0,False,0,0,0.0,1,1,0,HARD,H,False,0.0,0.0,1.0,0.0,0.0,0.0
2022,10,2022-10,British Grand Prix,ZHO,Alfa Romeo,9.0,19.0,False,0,0,0.0,1,1,0,MEDIUM,M,False,0.0,1.0,0.0,0.0,0.0,0.0
2022,10,2022-10,British Grand Prix,ALB,Williams,16.0,20.0,False,0,0,0.0,1,1,0,SOFT,S,False,1.0,0.0,0.0,0.0,0.0,0.0
2022,11,2022-11,Austrian Grand Prix,LEC,Ferrari,2.0,1.0,True,1,1,25.0,71,4,3,MEDIUM,M-H-H-M,False,0.0,0.5492957746478874,0.4507042253521127,0.0,0.0,0.0
2022,11,2022-11,Austrian Grand Prix,VER,Red Bull Racing,1.0,2.0,True,0,1,19.0,71,4,3,MEDIUM,M-H-H-M,False,0.0,0.36619718309859156,0.6338028169014085,0.0,0.0,0.0
2022,11,2022-11,Austrian Grand Prix,HAM,Mercedes,8.0,3.0,True,0,1,15.0,71,3,2,MEDIUM,M-H-M,False,0.0,0.676056338028169,0.323943661971831,0.0,0.0,0.0
2022,11,2022-11,Austrian Grand Prix,RUS,Mercedes,4.0,4.0,True,0,0,12.0,71,3,2,MEDIUM,M-H-N,False,0.0,0.15492957746478872,0.4084507042253521,0.0,0.0,0.0
2022,11,2022-11,Austrian Grand Prix,OCO,Alpine,6.0,5.0,True,0,0,10.0,71,3,2,MEDIUM,M-H-N,False,0.0,0.22535211267605634,0.39436619718309857,0.0,0.0,0.0
2022,11,2022-11,Austrian Grand Prix,MSC,Haas F1 Team,9.0,6.0,True,0,0,8.0,70,3,2,MEDIUM,M-H-N,False,0.0,0.22857142857142856,0.38571428571428573,0.0,0.0,0.0
2022,11,2022-11,Austrian Grand Prix,NOR,McLaren,10.0,7.0,True,0,0,6.0,70,3,2,MEDIUM,M-H-N,False,0.0,0.2,0.4142857142857143,0.0,0.0,0.0
2022,11,2022-11,Austrian Grand Prix,MAG,Haas F1 Team,7.0,8.0,True,0,0,4.0,70,3,2,MEDIUM,M-H-N,False,0.0,0.21428571428571427,0.37142857142857144,0.0,0.0,0.0
2022,11,2022-11,Austrian Grand Prix,RIC,McLaren,11.0,9.0,True,0,0,2.0,70,3,2,MEDIUM,M-H-N,False,0.0,0.17142857142857143,0.45714285714285713,0.0,0.0,0.0
2022,11,2022-11,Austrian Grand Prix,ALO,Alpine,19.0,10.0,True,0,0,1.0,70,4,3,HARD,H-H-M-M,False,0.0,0.18571428571428572,0.8142857142857143,0.0,0.0,0.0
2022,11,2022-11,Austrian Grand Prix,BOT,Alfa Romeo,20.0,11.0,True,0,0,0.0,70,3,2,MEDIUM,M-H-N,False,0.0,0.08571428571428572,0.4857142857142857,0.0,0.0,0.0
2022,11,2022-11,Austrian Grand Prix,ALB,Williams,15.0,12.0,True,0,0,0.0,70,3,2,MEDIUM,M-H-N,False,0.0,0.15714285714285714,0.44285714285714284,0.0,0.0,0.0
2022,11,2022-11,Austrian Grand Prix,STR,Aston Martin,12.0,13.0,True,0,0,0.0,70,3,2,MEDIUM,M-H-M,False,0.0,0.7285714285714285,0.2714285714285714,0.0,0.0,0.0
2022,11,2022-11,Austrian Grand Prix,ZHO,Alfa Romeo,13.0,14.0,True,0,0,0.0,70,3,2,HARD,H-H-M,False,0.0,0.34285714285714286,0.6571428571428571,0.0,0.0,0.0
2022,11,2022-11,Austrian Grand Prix,GAS,AlphaTauri,14.0,15.0,True,0,0,0.0,70,3,2,MEDIUM,M-H-N,False,0.0,0.17142857142857143,0.4,0.0,0.0,0.0
2022,11,2022-11,Austrian Grand Prix,TSU,AlphaTauri,16.0,16.0,True,0,0,0.0,70,3,2,HARD,H-M-H,False,0.0,0.2857142857142857,0.7142857142857143,0.0,0.0,0.0
2022,11,2022-11,Austrian Grand Prix,VET,Aston Martin,18.0,17.0,True,0,0,0.0,70,3,2,HARD,H-M-N,False,0.0,0.35714285714285715,0.2857142857142857,0.0,0.0,0.0
2022,11,2022-11,Austrian Grand Prix,SAI,Ferrari,3.0,18.0,False,0,0,0.0,57,3,2,MEDIUM,M-H-N,False,0.0,0.47368421052631576,0.42105263157894735,0.0,0.0,0.0
2022,11,2022-11,Austrian Grand Prix,LAT,Williams,17.0,19.0,False,0,0,0.0,48,3,2,MEDIUM,M-H-N,False,0.0,0.25,0.4791666666666667,0.0,0.0,0.0
2022,11,2022-11,Austrian Grand Prix,PER,Red Bull Racing,5.0,20.0,False,0,0,0.0,24,2,1,MEDIUM,M-H,False,0.0,0.041666666666666664,0.9583333333333334,0.0,0.0,0.0
2022,12,2022-12,French Grand Prix,VER,Red Bull Racing,2.0,1.0,True,1,1,25.0,53,2,1,MEDIUM,M-H,False,0.0,0.3018867924528302,0.6981132075471698,0.0,0.0,0.0
2022,12,2022-12,French Grand Prix,HAM,Mercedes,4.0,2.0,True,0,1,18.0,53,2,1,MEDIUM,M-H,False,0.0,0.33962264150943394,0.660377358490566,0.0,0.0,0.0
2022,12,2022-12,French Grand Prix,RUS,Mercedes,6.0,3.0,True,0,1,15.0,53,2,1,MEDIUM,M-H,False,0.0,0.33962264150943394,0.660377358490566,0.0,0.0,0.0
2022,12,2022-12,French Grand Prix,PER,Red Bull Racing,3.0,4.0,True,0,0,12.0,53,2,1,MEDIUM,M-H,False,0.0,0.33962264150943394,0.660377358490566,0.0,0.0,0.0
2022,12,2022-12,French Grand Prix,SAI,Ferrari,19.0,5.0,True,0,0,11.0,53,3,2,HARD,H-M-M,False,0.0,0.660377358490566,0.33962264150943394,0.0,0.0,0.0
2022,12,2022-12,French Grand Prix,ALO,Alpine,7.0,6.0,True,0,0,8.0,53,2,1,MEDIUM,M-H,False,0.0,0.33962264150943394,0.660377358490566,0.0,0.0,0.0
2022,12,2022-12,French Grand Prix,NOR,McLaren,5.0,7.0,True,0,0,6.0,53,2,1,MEDIUM,M-H,False,0.0,0.33962264150943394,0.660377358490566,0.0,0.0,0.0
2022,12,2022-12,French Grand Prix,OCO,Alpine,10.0,8.0,True,0,0,4.0,53,2,1,MEDIUM,M-H,False,0.0,0.33962264150943394,0.660377358490566,0.0,0.0,0.0
2022,12,2022-12,French Grand Prix,RIC,McLaren,9.0,9.0,True,0,0,2.0,53,2,1,MEDIUM,M-H,False,0.0,0.33962264150943394,0.660377358490566,0.0,0.0,0.0
2022,12,2022-12,French Grand Prix,STR,Aston Martin,15.0,10.0,True,0,0,1.0,53,2,1,MEDIUM,M-H,False,0.0,0.33962264150943394,0.660377358490566,0.0,0.0,0.0
2022,12,2022-12,French Grand Prix,VET,Aston Martin,12.0,11.0,True,0,0,0.0,53,2,1,MEDIUM,M-H,False,0.0,0.3584905660377358,0.6415094339622641,0.0,0.0,0.0
2022,12,2022-12,French Grand Prix,GAS,AlphaTauri,14.0,12.0,True,0,0,0.0,53,2,1,HARD,H-M,False,0.0,0.660377358490566,0.33962264150943394,0.0,0.0,0.0
2022,12,2022-12,French Grand Prix,ALB,Williams,13.0,13.0,True,0,0,0.0,53,2,1,MEDIUM,M-H,False,0.0,0.33962264150943394,0.660377358490566,0.0,0.0,0.0
2022,12,2022-12,French Grand Prix,BOT,Alfa Romeo,11.0,14.0,True,0,0,0.0,53,3,2,HARD,H-H-M,False,0.0,0.32075471698113206,0.6792452830188679,0.0,0.0,0.0
2022,12,2022-12,French Grand Prix,MSC,Haas F1 Team,17.0,15.0,True,0,0,0.0,53,3,2,MEDIUM,M-H-H,False,0.0,0.16981132075471697,0.8301886792452831,0.0,0.0,0.0
2022,12,2022-12,French Grand Prix,ZHO,Alfa Romeo,16.0,16.0,True,0,0,0.0,48,3,2,MEDIUM,M-H-H,False,0.0,0.1875,0.8125,0.0,0.0,0.0
2022,12,2022-12,French Grand Prix,LAT,Williams,18.0,17.0,False,0,0,0.0,41,3,2,MEDIUM,M-H-M,False,0.0,0.5365853658536586,0.4634146341463415,0.0,0.0,0.0
2022,12,2022-12,French Grand Prix,MAG,Haas F1 Team,20.0,18.0,False,0,0,0.0,38,3,2,MEDIUM,M-H-H,False,0.0,0.21052631578947367,0.7894736842105263,0.0,0.0,0.0
2022,12,2022-12,French Grand Prix,LEC,Ferrari,1.0,19.0,False,0,0,0.0,18,1,0,MEDIUM,M,False,0.0,1.0,0.0,0.0,0.0,0.0
2022,12,2022-12,French Grand Prix,TSU,AlphaTauri,8.0,20.0,False,0,0,0.0,18,2,1,MEDIUM,M-H,False,0.0,0.6111111111111112,0.3888888888888889,0.0,0.0,0.0
2022,13,2022-13,Hungarian Grand Prix,VER,Red Bull Racing,10.0,1.0,True,1,1,25.0,70,3,2,SOFT,S-M-M,False,0.22857142857142856,0.7714285714285715,0.0,0.0,0.0,0.0
2022,13,2022-13,Hungarian Grand Prix,HAM,Mercedes,7.0,2.0,True,0,1,19.0,70,3,2,MEDIUM,M-M-S,False,0.2714285714285714,0.7285714285714285,0.0,0.0,0.0,0.0
2022,13,2022-13,Hungarian Grand Prix,RUS,Mercedes,1.0,3.0,True,0,1,15.0,70,3,2,SOFT,S-M-M,False,0.22857142857142856,0.7714285714285715,0.0,0.0,0.0,0.0
2022,13,2022-13,Hungarian Grand Prix,SAI,Ferrari,2.0,4.0,True,0,0,12.0,70,3,2,MEDIUM,M-M-S,False,0.32857142857142857,0.6714285714285714,0.0,0.0,0.0,0.0
2022,13,2022-13,Hungarian Grand Prix,PER,Red Bull Racing,11.0,5.0,True,0,0,10.0,70,3,2,SOFT,S-M-M,False,0.2571428571428571,0.7428571428571429,0.0,0.0,0.0,0.0
2022,13,2022-13,Hungarian Grand Prix,LEC,Ferrari,3.0,6.0,True,0,0,8.0,70,4,3,MEDIUM,M-M-H-S,False,0.22857142857142856,0.5571428571428572,0.21428571428571427,0.0,0.0,0.0
2022,13,2022-13,Hungarian Grand Prix,NOR,McLaren,4.0,7.0,True,0,0,6.0,70,3,2,SOFT,S-M-H,False,0.2,0.4,0.4,0.0,0.0,0.0
2022,13,2022-13,Hungarian Grand Prix,ALO,Alpine,6.0,8.0,True,0,0,4.0,69,2,1,MEDIUM,M-H,False,0.0,0.30434782608695654,0.6956521739130435,0.0,0.0,0.0
2022,13,2022-13,Hungarian Grand Prix,OCO,Alpine,5.0,9.0,True,0,0,2.0,69,2,1,MEDIUM,M-H,False,0.0,0.3333333333333333,0.6666666666666666,0.0,0.0,0.0
2022,13,2022-13,Hungarian Grand Prix,VET,Aston Martin,18.0,10.0,True,0,0,1.0,69,3,2,SOFT,S-M-M,False,0.21739130434782608,0.782608695652174,0.0,0.0,0.0,0.0
2022,13,2022-13,Hungarian Grand Prix,STR,Aston Martin,14.0,11.0,True,0,0,0.0,69,3,2,SOFT,S-M-S,False,0.5362318840579711,0.463768115942029,0.0,0.0,0.0,0.0
2022,13,2022-13,Hungarian Grand Prix,GAS,AlphaTauri,20.0,12.0,True,0,0,0.0,69,3,2,SOFT,S-M-S,False,0.5652173913043478,0.43478260869565216,0.0,0.0,0.0,0.0
2022,13,2022-13,Hungarian Grand Prix,ZHO,Alfa Romeo,12.0,13.0,True,0,0,0.0,69,3,2,MEDIUM,M-H-S,False,0.2608695652173913,0.391304347826087,0.34782608695652173,0.0,0.0,0.0
2022,13,2022-13,Hungarian Grand Prix,MSC,Haas F1 Team,15.0,14.0,True,0,0,0.0,69,3,2,MEDIUM,M-H-M,False,0.0,0.7101449275362319,0.2898550724637681,0.0,0.0,0.0
2022,13,2022-13,Hungarian Grand Prix,RIC,McLaren,9.0,15.0,True,0,0,0.0,69,3,2,SOFT,S-M-H,False,0.21739130434782608,0.4492753623188406,0.3333333333333333,0.0,0.0,0.0
2022,13,2022-13,Hungarian Grand Prix,MAG,Haas F1 Team,13.0,16.0,True,0,0,0.0,69,4,3,MEDIUM,M-H-M-S,False,0.028985507246376812,0.5507246376811594,0.42028985507246375,0.0,0.0,0.0
2022,13,2022-13,Hungarian Grand Prix,ALB,Williams,17.0,17.0,True,0,0,0.0,69,4,3,SOFT,S-M-M-S,False,0.4492753623188406,0.5507246376811594,0.0,0.0,0.0,0.0
2022,13,2022-13,Hungarian Grand Prix,LAT,Williams,19.0,18.0,True,0,0,0.0,69,4,3,MEDIUM,M-M-S-S,False,0.43478260869565216,0.5652173913043478,0.0,0.0,0.0,0.0
2022,13,2022-13,Hungarian Grand Prix,TSU,AlphaTauri,16.0,19.0,True,0,0,0.0,68,4,3,SOFT,S-M-S-S,False,0.7058823529411765,0.29411764705882354,0.0,0.0,0.0,0.0
2022,13,2022-13,Hungarian Grand Prix,BOT,Alfa Romeo,8.0,20.0,True,0,0,0.0,66,2,1,MEDIUM,M-H,False,0.0,0.3939393939393939,0.6060606060606061,0.0,0.0,0.0
2022,14,2022-14,Belgian Grand Prix,VER,Red Bull Racing,14.0,1.0,True,1,1,26.0,44,3,2,SOFT,S-M-M,False,0.3409090909090909,0.6590909090909091,0.0,0.0,0.0,0.0
2022,14,2022-14,Belgian Grand Prix,PER,Red Bull Racing,2.0,2.0,True,0,1,18.0,44,3,2,MEDIUM,M-M-H,False,0.0,0.6136363636363636,0.38636363636363635,0.0,0.0,0.0
2022,14,2022-14,Belgian Grand Prix,SAI,Ferrari,1.0,3.0,True,0,1,15.0,44,3,2,SOFT,S-M-H,False,0.25,0.3181818181818182,0.4318181818181818,0.0,0.0,0.0
2022,14,2022-14,Belgian Grand Prix,RUS,Mercedes,5.0,4.0,True,0,0,12.0,44,3,2,MEDIUM,M-M-H,False,0.0,0.6590909090909091,0.3409090909090909,0.0,0.0,0.0
2022,14,2022-14,Belgian Grand Prix,ALO,Alpine,3.0,5.0,True,0,0,10.0,44,3,2,MEDIUM,M-M-H,False,0.0,0.5681818181818182,0.4318181818181818,0.0,0.0,0.0
2022,14,2022-14,Belgian Grand Prix,LEC,Ferrari,15.0,6.0,True,0,0,8.0,44,4,3,SOFT,S-M-M-S,False,0.11363636363636363,0.8863636363636364,0.0,0.0,0.0,0.0
2022,14,2022-14,Belgian Grand Prix,OCO,Alpine,16.0,7.0,True,0,0,6.0,44,3,2,MEDIUM,M-H-M,False,0.0,0.5454545454545454,0.45454545454545453,0.0,0.0,0.0
2022,14,2022-14,Belgian Grand Prix,VET,Aston Martin,10.0,8.0,True,0,0,4.0,44,3,2,MEDIUM,M-H-M,False,0.0,0.5681818181818182,0.4318181818181818,0.0,0.0,0.0
2022,14,2022-14,Belgian Grand Prix,GAS,AlphaTauri,20.0,9.0,True,0,0,2.0,44,3,2,MEDIUM,M-H-S,False,0.5,0.22727272727272727,0.2727272727272727,0.0,0.0,0.0
2022,14,2022-14,Belgian Grand Prix,ALB,Williams,6.0,10.0,True,0,0,1.0,44,3,2,MEDIUM,M-H-M,False,0.0,0.6363636363636364,0.36363636363636365,0.0,0.0,0.0
2022,14,2022-14,Belgian Grand Prix,STR,Aston Martin,9.0,11.0,True,0,0,0.0,44,3,2,MEDIUM,M-M-H,False,0.0,0.5909090909090909,0.4090909090909091,0.0,0.0,0.0
2022,14,2022-14,Belgian Grand Prix,NOR,McLaren,17.0,12.0,True,0,0,0.0,44,3,2,MEDIUM,M-H-M,False,0.0,0.6363636363636364,0.36363636363636365,0.0,0.0,0.0
2022,14,2022-14,Belgian Grand Prix,TSU,AlphaTauri,20.0,13.0,True,0,0,0.0,44,3,2,HARD,H-M-S,False,0.3181818181818182,0.2727272727272727,0.4090909090909091,0.0,0.0,0.0
2022,14,2022-14,Belgian Grand Prix,ZHO,Alfa Romeo,18.0,14.0,True,0,0,0.0,44,3,2,MEDIUM,M-M-S,False,0.36363636363636365,0.6363636363636364,0.0,0.0,0.0,0.0
2022,14,2022-14,Belgian Grand Prix,RIC,McLaren,7.0,15.0,True,0,0,0.0,44,3,2,MEDIUM,M-H-M,False,0.0,0.5454545454545454,0.45454545454545453,0.0,0.0,0.0
2022,14,2022-14,Belgian Grand Prix,MAG,Haas F1 Team,12.0,16.0,True,0,0,0.0,43,3,2,MEDIUM,M-H-M,False,0.0,0.627906976744186,0.37209302325581395,0.0,0.0,0.0
2022,14,2022-14,Belgian Grand Prix,MSC,Haas F1 Team,19.0,17.0,True,0,0,0.0,43,3,2,MEDIUM,M-H-M,False,0.0,0.627906976744186,0.37209302325581395,0.0,0.0,0.0
2022,14,2022-14,Belgian Grand Prix,LAT,Williams,11.0,18.0,True,0,0,0.0,43,4,3,MEDIUM,M-M-H-S,False,0.20930232558139536,0.3488372093023256,0.4418604651162791,0.0,0.0,0.0
2022,14,2022-14,Belgian Grand Prix,BOT,Alfa Romeo,13.0,19.0,False,0,0,0.0,2,1,0,SOFT,S,False,1.0,0.0,0.0,0.0,0.0,0.0
2022,14,2022-14,Belgian Grand Prix,HAM,Mercedes,4.0,20.0,False,0,0,0.0,1,1,0,MEDIUM,M,False,0.0,1.0,0.0,0.0,0.0,0.0
2022,15,2022-15,Dutch Grand Prix,VER,Red Bull Racing,1.0,1.0,True,1,1,26.0,72,5,4,SOFT,S-M-H-S-S,False,0.4722222222222222,0.4166666666666667,0.1111111111111111,0.0,0.0,0.0
2022,15,2022-15,Dutch Grand Prix,RUS,Mercedes,6.0,2.0,True,0,1,18.0,72,4,3,MEDIUM,M-H-M-S,False,0.20833333333333334,0.5555555555555556,0.2361111111111111,0.0,0.0,0.0
2022,15,2022-15,Dutch Grand Prix,LEC,Ferrari,2.0,3.0,True,0,1,15.0,72,5,4,SOFT,S-M-H-S-S,False,0.4583333333333333,0.3888888888888889,0.1527777777777778,0.0,0.0,0.0
2022,15,2022-15,Dutch Grand Prix,HAM,Mercedes,4.0,4.0,True,0,0,12.0,72,4,3,MEDIUM,M-H-M-M,False,0.0,0.7361111111111112,0.2638888888888889,0.0,0.0,0.0
2022,15,2022-15,Dutch Grand Prix,PER,Red Bull Racing,5.0,5.0,True,0,0,10.0,72,5,4,SOFT,S-M-H-M-M,False,0.19444444444444445,0.5833333333333334,0.2222222222222222,0.0,0.0,0.0
2022,15,2022-15,Dutch Grand Prix,ALO,Alpine,13.0,6.0,True,0,0,8.0,72,4,3,SOFT,S-H-S-S,False,0.5138888888888888,0.0,0.4861111111111111,0.0,0.0,0.0
2022,15,2022-15,Dutch Grand Prix,NOR,McLaren,7.0,7.0,True,0,0,6.0,72,4,3,MEDIUM,M-H-S-S,False,0.3472222222222222,0.2361111111111111,0.4166666666666667,0.0,0.0,0.0
2022,15,2022-15,Dutch Grand Prix,SAI,Ferrari,3.0,8.0,True,0,0,4.0,72,4,3,SOFT,S-M-H-S,False,0.4027777777777778,0.4027777777777778,0.19444444444444445,0.0,0.0,0.0
2022,15,2022-15,Dutch Grand Prix,OCO,Alpine,12.0,9.0,True,0,0,2.0,72,4,3,SOFT,S-H-S-S,False,0.4722222222222222,0.0,0.5277777777777778,0.0,0.0,0.0
2022,15,2022-15,Dutch Grand Prix,STR,Aston Martin,10.0,10.0,True,0,0,1.0,72,5,4,SOFT,S-M-H-S-S,False,0.4444444444444444,0.3055555555555556,0.25,0.0,0.0,0.0
2022,15,2022-15,Dutch Grand Prix,GAS,AlphaTauri,11.0,11.0,True,0,0,0.0,72,5,4,SOFT,S-M-H-S-S,False,0.375,0.2916666666666667,0.3333333333333333,0.0,0.0,0.0
2022,15,2022-15,Dutch Grand Prix,ALB,Williams,15.0,12.0,True,0,0,0.0,72,5,4,MEDIUM,M-M-H-S-S,False,0.2361111111111111,0.5833333333333334,0.18055555555555555,0.0,0.0,0.0
2022,15,2022-15,Dutch Grand Prix,MSC,Haas F1 Team,8.0,13.0,True,0,0,0.0,72,5,4,MEDIUM,M-M-H-S-S,False,0.3472222222222222,0.4583333333333333,0.19444444444444445,0.0,0.0,0.0
2022,15,2022-15,Dutch Grand Prix,VET,Aston Martin,19.0,14.0,True,0,0,0.0,72,5,4,SOFT,S-M-H-S-S,False,0.4583333333333333,0.3611111111111111,0.18055555555555555,0.0,0.0,0.0
2022,15,2022-15,Dutch Grand Prix,MAG,Haas F1 Team,18.0,15.0,True,0,0,0.0,72,5,4,MEDIUM,M-M-H-S-S,False,0.3472222222222222,0.4722222222222222,0.18055555555555555,0.0,0.0,0.0
2022,15,2022-15,Dutch Grand Prix,ZHO,Alfa Romeo,14.0,16.0,True,0,0,0.0,72,5,4,SOFT,S-S-M-S-S,False,0.75,0.25,0.0,0.0,0.0,0.0
2022,15,2022-15,Dutch Grand Prix,RIC,McLaren,17.0,17.0,True,0,0,0.0,72,6,5,SOFT,S-M-H-S-S-S,False,0.5,0.2222222222222222,0.2777777777777778,0.0,0.0,0.0
2022,15,2022-15,Dutch Grand Prix,LAT,Williams,20.0,18.0,True,0,0,0.0,71,5,4,SOFT,S-M-H-S-S,False,0.4225352112676056,0.18309859154929578,0.39436619718309857,0.0,0.0,0.0
2022,15,2022-15,Dutch Grand Prix,BOT,Alfa Romeo,16.0,19.0,False,0,0,0.0,54,3,2,SOFT,S-S-M,False,0.6296296296296297,0.37037037037037035,0.0,0.0,0.0,0.0
2022,15,2022-15,Dutch Grand Prix,TSU,AlphaTauri,9.0,20.0,False,0,0,0.0,43,3,2,SOFT,S-M-H,False,0.3023255813953488,0.6744186046511628,0.023255813953488372,0.0,0.0,0.0
2022,16,2022-16,Italian Grand Prix,VER,Red Bull Racing,7.0,1.0,True,1,1,25.0,53,3,2,SOFT,S-M-S,False,0.5660377358490566,0.4339622641509434,0.0,0.0,0.0,0.0
2022,16,2022-16,Italian Grand Prix,LEC,Ferrari,1.0,2.0,True,0,1,18.0,53,4,3,SOFT,S-M-S-S,False,0.6037735849056604,0.39622641509433965,0.0,0.0,0.0,0.0
2022,16,2022-16,Italian Grand Prix,RUS,Mercedes,2.0,3.0,True,0,1,15.0,53,3,2,SOFT,S-H-S,False,0.5471698113207547,0.0,0.4528301886792453,0.0,0.0,0.0
2022,16,2022-16,Italian Grand Prix,SAI,Ferrari,18.0,4.0,True,0,0,12.0,53,3,2,MEDIUM,M-S-S,False,0.4339622641509434,0.5660377358490566,0.0,0.0,0.0,0.0
2022,16,2022-16,Italian Grand Prix,HAM,Mercedes,19.0,5.0,True,0,0,10.0,53,2,1,MEDIUM,M-S,False,0.37735849056603776,0.6226415094339622,0.0,0.0,0.0,0.0
2022,16,2022-16,Italian Grand Prix,PER,Red Bull Racing,13.0,6.0,True,0,0,9.0,53,3,2,MEDIUM,M-H-S,False,0.20754716981132076,0.1320754716981132,0.660377358490566,0.0,0.0,0.0
2022,16,2022-16,Italian Grand Prix,NOR,McLaren,3.0,7.0,True,0,0,6.0,53,3,2,MEDIUM,M-S-S,False,0.33962264150943394,0.660377358490566,0.0,0.0,0.0,0.0
2022,16,2022-16,Italian Grand Prix,GAS,AlphaTauri,5.0,8.0,True,0,0,4.0,53,2,1,MEDIUM,M-H,False,0.0,0.33962264150943394,0.660377358490566,0.0,0.0,0.0
2022,16,2022-16,Italian Grand Prix,DEV,Williams,8.0,9.0,True,0,0,2.0,53,2,1,SOFT,S-M,False,0.3584905660377358,0.6415094339622641,0.0,0.0,0.0,0.0
2022,16,2022-16,Italian Grand Prix,ZHO,Alfa Romeo,9.0,10.0,True,0,0,1.0,53,2,1,MEDIUM,M-H,False,0.0,0.33962264150943394,0.660377358490566,0.0,0.0,0.0
2022,16,2022-16,Italian Grand Prix,OCO,Alpine,14.0,11.0,True,0,0,0.0,53,2,1,SOFT,S-H,False,0.3584905660377358,0.0,0.6415094339622641,0.0,0.0,0.0
2022,16,2022-16,Italian Grand Prix,MSC,Haas F1 Team,17.0,12.0,True,0,0,0.0,53,2,1,MEDIUM,M-S,False,0.37735849056603776,0.6226415094339622,0.0,0.0,0.0,0.0
2022,16,2022-16,Italian Grand Prix,BOT,Alfa Romeo,15.0,13.0,True,0,0,0.0,52,2,1,MEDIUM,M-S,False,0.3269230769230769,0.6730769230769231,0.0,0.0,0.0,0.0
2022,16,2022-16,Italian Grand Prix,TSU,AlphaTauri,20.0,14.0,True,0,0,0.0,52,3,2,MEDIUM,M-H-S,False,0.09615384615384616,0.36538461538461536,0.5384615384615384,0.0,0.0,0.0
2022,16,2022-16,Italian Grand Prix,LAT,Williams,10.0,15.0,True,0,0,0.0,52,3,2,MEDIUM,M-H-S,False,0.09615384615384616,0.28846153846153844,0.6153846153846154,0.0,0.0,0.0
2022,16,2022-16,Italian Grand Prix,MAG,Haas F1 Team,16.0,16.0,True,0,0,0.0,52,3,2,MEDIUM,M-H-S,False,0.11538461538461539,0.46153846153846156,0.4230769230769231,0.0,0.0,0.0
2022,16,2022-16,Italian Grand Prix,RIC,McLaren,4.0,17.0,False,0,0,0.0,46,2,1,MEDIUM,M-H,False,0.0,0.41304347826086957,0.5869565217391305,0.0,0.0,0.0
2022,16,2022-16,Italian Grand Prix,STR,Aston Martin,12.0,18.0,False,0,0,0.0,39,2,1,MEDIUM,M-H,False,0.0,0.46153846153846156,0.5384615384615384,0.0,0.0,0.0
2022,16,2022-16,Italian Grand Prix,ALO,Alpine,6.0,19.0,False,0,0,0.0,31,1,0,MEDIUM,M,False,0.0,1.0,0.0,0.0,0.0,0.0
2022,16,2022-16,Italian Grand Prix,VET,Aston Martin,11.0,20.0,False,0,0,0.0,11,1,0,MEDIUM,M,False,0.0,1.0,0.0,0.0,0.0,0.0
2022,17,2022-17,Singapore Grand Prix,PER,Red Bull Racing,2.0,1.0,True,1,1,25.0,59,2,1,INTERMEDIATE,I-M,True,0.0,0.4067796610169492,0.0,0.5932203389830508,0.0,0.0
2022,17,2022-17,Singapore Grand Prix,LEC,Ferrari,1.0,2.0,True,0,1,18.0,59,2,1,INTERMEDIATE,I-M,True,0.0,0.423728813559322,0.0,0.576271186440678,0.0,0.0
2022,17,2022-17,Singapore Grand Prix,SAI,Ferrari,4.0,3.0,True,0,1,15.0,59,2,1,INTERMEDIATE,I-M,True,0.0,0.4067796610169492,0.0,0.5932203389830508,0.0,0.0
2022,17,2022-17,Singapore Grand Prix,NOR,McLaren,6.0,4.0,True,0,0,12.0,59,2,1,INTERMEDIATE,I-M,True,0.0,0.3898305084745763,0.0,0.6101694915254238,0.0,0.0
2022,17,2022-17,Singapore Grand Prix,RIC,McLaren,16.0,5.0,True,0,0,10.0,59,2,1,INTERMEDIATE,I-S,True,0.3898305084745763,0.0,0.0,0.6101694915254238,0.0,0.0
2022,17,2022-17,Singapore Grand Prix,STR,Aston Martin,11.0,6.0,True,0,0,8.0,59,2,1,INTERMEDIATE,I-M,True,0.0,0.4067796610169492,0.0,0.5932203389830508,0.0,0.0
2022,17,2022-17,Singapore Grand Prix,VER,Red Bull Racing,8.0,7.0,True,0,0,6.0,59,3,2,INTERMEDIATE,I-M-S,True,0.3220338983050847,0.0847457627118644,0.0,0.5932203389830508,0.0,0.0
2022,17,2022-17,Singapore Grand Prix,VET,Aston Martin,13.0,8.0,True,0,0,4.0,59,2,1,INTERMEDIATE,I-M,True,0.0,0.423728813559322,0.0,0.576271186440678,0.0,0.0
2022,17,2022-17,Singapore Grand Prix,HAM,Mercedes,3.0,9.0,True,0,0,2.0,59,2,1,INTERMEDIATE,I-M,True,0.0,0.423728813559322,0.0,0.576271186440678,0.0,0.0
2022,17,2022-17,Singapore Grand Prix,GAS,AlphaTauri,7.0,10.0,True,0,0,1.0,59,2,1,INTERMEDIATE,I-M,True,0.0,0.4406779661016949,0.0,0.559322033898305,0.0,0.0
2022,17,2022-17,Singapore Grand Prix,BOT,Alfa Romeo,15.0,11.0,True,0,0,0.0,59,2,1,INTERMEDIATE,I-S,True,0.4406779661016949,0.0,0.0,0.559322033898305,0.0,0.0
2022,17,2022-17,Singapore Grand Prix,MAG,Haas F1 Team,9.0,12.0,True,0,0,0.0,59,3,2,INTERMEDIATE,I-I-M,True,0.0,0.4406779661016949,0.0,0.559322033898305,0.0,0.0
2022,17,2022-17,Singapore Grand Prix,MSC,Haas F1 Team,12.0,13.0,True,0,0,0.0,58,3,2,INTERMEDIATE,I-M-S,True,0.29310344827586204,0.1206896551724138,0.0,0.5862068965517241,0.0,0.0
2022,17,2022-17,Singapore Grand Prix,RUS,Mercedes,20.0,14.0,True,0,0,0.0,57,5,4,INTERMEDIATE,I-M-M-S-S,True,0.2807017543859649,0.3508771929824561,0.0,0.3684210526315789,0.0,0.0
2022,17,2022-17,Singapore Grand Prix,TSU,AlphaTauri,10.0,15.0,False,0,0,0.0,35,2,1,INTERMEDIATE,I-M,True,0.0,0.05714285714285714,0.0,0.9428571428571428,0.0,0.0
2022,17,2022-17,Singapore Grand Prix,OCO,Alpine,17.0,16.0,False,0,0,0.0,27,1,0,INTERMEDIATE,I,True,0.0,0.0,0.0,1.0,0.0,0.0
2022,17,2022-17,Singapore Grand Prix,ALB,Williams,18.0,17.0,False,0,0,0.0,25,1,0,INTERMEDIATE,I,True,0.0,0.0,0.0,1.0,0.0,0.0
2022,17,2022-17,Singapore Grand Prix,ALO,Alpine,5.0,18.0,False,0,0,0.0,21,1,0,INTERMEDIATE,I,True,0.0,0.0,0.0,1.0,0.0,0.0
2022,17,2022-17,Singapore Grand Prix,LAT,Williams,19.0,19.0,False,0,0,0.0,7,1,0,INTERMEDIATE,I,True,0.0,0.0,0.0,1.0,0.0,0.0
2022,17,2022-17,Singapore Grand Prix,ZHO,Alfa Romeo,14.0,20.0,False,0,0,0.0,7,1,0,INTERMEDIATE,I,True,0.0,0.0,0.0,1.0,0.0,0.0
2022,18,2022-18,Japanese Grand Prix,VER,Red Bull Racing,1.0,1.0,True,1,1,25.0,29,3,2,INTERMEDIATE,I-W-I,True,0.0,0.0,0.0,0.8275862068965517,0.1724137931034483,0.0
2022,18,2022-18,Japanese Grand Prix,PER,Red Bull Racing,4.0,2.0,True,0,1,18.0,28,3,2,INTERMEDIATE,I-W-I,True,0.0,0.0,0.0,0.8214285714285714,0.17857142857142858,0.0
2022,18,2022-18,Japanese Grand Prix,LEC,Ferrari,2.0,3.0,True,0,1,15.0,28,3,2,INTERMEDIATE,I-W-I,True,0.0,0.0,0.0,0.8214285714285714,0.17857142857142858,0.0
2022,18,2022-18,Japanese Grand Prix,OCO,Alpine,5.0,4.0,True,0,0,12.0,28,3,2,INTERMEDIATE,I-W-I,True,0.0,0.0,0.0,0.8214285714285714,0.17857142857142858,0.0
2022,18,2022-18,Japanese Grand Prix,HAM,Mercedes,6.0,5.0,True,0,0,10.0,28,3,2,INTERMEDIATE,I-W-I,True,0.0,0.0,0.0,0.8214285714285714,0.17857142857142858,0.0
2022,18,2022-18,Japanese Grand Prix,VET,Aston Martin,9.0,6.0,True,0,0,8.0,28,3,2,INTERMEDIATE,I-W-I,True,0.0,0.0,0.0,0.8928571428571429,0.10714285714285714,0.0
2022,18,2022-18,Japanese Grand Prix,ALO,Alpine,7.0,7.0,True,0,0,6.0,28,4,3,INTERMEDIATE,I-W-I-I,True,0.0,0.0,0.0,0.7857142857142857,0.21428571428571427,0.0
2022,18,2022-18,Japanese Grand Prix,RUS,Mercedes,8.0,8.0,True,0,0,4.0,28,3,2,INTERMEDIATE,I-W-I,True,0.0,0.0,0.0,0.8214285714285714,0.17857142857142858,0.0
2022,18,2022-18,Japanese Grand Prix,LAT,Williams,20.0,9.0,True,0,0,2.0,28,3,2,INTERMEDIATE,I-W-I,True,0.0,0.0,0.0,0.8928571428571429,0.10714285714285714,0.0
2022,18,2022-18,Japanese Grand Prix,NOR,McLaren,10.0,10.0,True,0,0,1.0,28,3,2,INTERMEDIATE,I-W-I,True,0.0,0.0,0.0,0.8571428571428571,0.14285714285714285,0.0
2022,18,2022-18,Japanese Grand Prix,RIC,McLaren,11.0,11.0,True,0,0,0.0,28,3,2,INTERMEDIATE,I-W-I,True,0.0,0.0,0.0,0.7857142857142857,0.21428571428571427,0.0
2022,18,2022-18,Japanese Grand Prix,STR,Aston Martin,19.0,12.0,True,0,0,0.0,28,4,3,INTERMEDIATE,I-W-I-I,True,0.0,0.0,0.0,0.8214285714285714,0.17857142857142858,0.0
2022,18,2022-18,Japanese Grand Prix,TSU,AlphaTauri,13.0,13.0,True,0,0,0.0,28,4,3,INTERMEDIATE,I-W-I-I,True,0.0,0.0,0.0,0.8214285714285714,0.17857142857142858,0.0
2022,18,2022-18,Japanese Grand Prix,MAG,Haas F1 Team,18.0,14.0,True,0,0,0.0,28,3,2,INTERMEDIATE,I-W-I,True,0.0,0.0,0.0,0.8214285714285714,0.17857142857142858,0.0
2022,18,2022-18,Japanese Grand Prix,BOT,Alfa Romeo,12.0,15.0,True,0,0,0.0,28,3,2,INTERMEDIATE,I-W-I,True,0.0,0.0,0.0,0.8571428571428571,0.14285714285714285,0.0
2022,18,2022-18,Japanese Grand Prix,ZHO,Alfa Romeo,14.0,16.0,True,0,0,0.0,28,4,3,INTERMEDIATE,I-W-I-I,True,0.0,0.0,0.0,0.75,0.25,0.0
2022,18,2022-18,Japanese Grand Prix,MSC,Haas F1 Team,15.0,17.0,True,0,0,0.0,28,3,2,INTERMEDIATE,I-W-I,True,0.0,0.0,0.0,0.6785714285714286,0.32142857142857145,0.0
2022,18,2022-18,Japanese Grand Prix,GAS,AlphaTauri,17.0,18.0,True,0,0,0.0,28,5,4,INTERMEDIATE,I-W-W-I-I,True,0.0,0.0,0.0,0.7857142857142857,0.21428571428571427,0.0
2022,18,2022-18,Japanese Grand Prix,SAI,Ferrari,3.0,19.0,False,0,0,0.0,1,1,0,INTERMEDIATE,I,True,0.0,0.0,0.0,1.0,0.0,0.0
2022,18,2022-18,Japanese Grand Prix,ALB,Williams,16.0,20.0,False,0,0,0.0,1,1,0,INTERMEDIATE,I,True,0.0,0.0,0.0,1.0,0.0,0.0
2022,19,2022-19,United States Grand Prix,VER,Red Bull Racing,2.0,1.0,True,1,1,25.0,56,3,2,MEDIUM,M-H-M,False,0.0,0.6071428571428571,0.39285714285714285,0.0,0.0,0.0
2022,19,2022-19,United States Grand Prix,HAM,Mercedes,3.0,2.0,True,0,1,18.0,56,3,2,MEDIUM,M-H-H,False,0.0,0.21428571428571427,0.7857142857142857,0.0,0.0,0.0
2022,19,2022-19,United States Grand Prix,LEC,Ferrari,12.0,3.0,True,0,1,15.0,56,3,2,MEDIUM,M-H-M,False,0.0,0.6964285714285714,0.30357142857142855,0.0,0.0,0.0
2022,19,2022-19,United States Grand Prix,PER,Red Bull Racing,9.0,4.0,True,0,0,12.0,56,3,2,MEDIUM,M-H-M,False,0.0,0.5714285714285714,0.42857142857142855,0.0,0.0,0.0
2022,19,2022-19,United States Grand Prix,RUS,Mercedes,4.0,5.0,True,0,0,11.0,56,4,3,MEDIUM,M-H-H-S,False,0.03571428571428571,0.23214285714285715,0.7321428571428571,0.0,0.0,0.0
2022,19,2022-19,United States Grand Prix,NOR,McLaren,6.0,6.0,True,0,0,8.0,56,3,2,MEDIUM,M-H-H,False,0.0,0.25,0.75,0.0,0.0,0.0
2022,19,2022-19,United States Grand Prix,ALO,Alpine,14.0,7.0,True,0,0,6.0,56,3,2,HARD,H-M-H,False,0.0,0.07142857142857142,0.9285714285714286,0.0,0.0,0.0
2022,19,2022-19,United States Grand Prix,VET,Aston Martin,10.0,8.0,True,0,0,4.0,56,3,2,MEDIUM,M-M-H,False,0.0,0.7321428571428571,0.26785714285714285,0.0,0.0,0.0
2022,19,2022-19,United States Grand Prix,MAG,Haas F1 Team,13.0,9.0,True,0,0,2.0,56,2,1,HARD,H-M,False,0.0,0.6785714285714286,0.32142857142857145,0.0,0.0,0.0
2022,19,2022-19,United States Grand Prix,TSU,AlphaTauri,19.0,10.0,True,0,0,1.0,56,3,2,MEDIUM,M-M-H,False,0.0,0.5892857142857143,0.4107142857142857,0.0,0.0,0.0
2022,19,2022-19,United States Grand Prix,OCO,Alpine,20.0,11.0,True,0,0,0.0,56,3,2,HARD,H-H-M,False,0.0,0.19642857142857142,0.8035714285714286,0.0,0.0,0.0
2022,19,2022-19,United States Grand Prix,ZHO,Alfa Romeo,18.0,12.0,True,0,0,0.0,56,3,2,MEDIUM,M-H-H,False,0.0,0.16071428571428573,0.8392857142857143,0.0,0.0,0.0
2022,19,2022-19,United States Grand Prix,ALB,Williams,8.0,13.0,True,0,0,0.0,56,3,2,MEDIUM,M-M-H,False,0.0,0.32142857142857145,0.6785714285714286,0.0,0.0,0.0
2022,19,2022-19,United States Grand Prix,GAS,AlphaTauri,11.0,14.0,True,0,0,0.0,56,3,2,MEDIUM,M-H-H,False,0.0,0.19642857142857142,0.8035714285714286,0.0,0.0,0.0
2022,19,2022-19,United States Grand Prix,MSC,Haas F1 Team,16.0,15.0,True,0,0,0.0,56,3,2,HARD,H-M-H,False,0.0,0.26785714285714285,0.7321428571428571,0.0,0.0,0.0
2022,19,2022-19,United States Grand Prix,RIC,McLaren,15.0,16.0,True,0,0,0.0,56,3,2,MEDIUM,M-H-H,False,0.0,0.17857142857142858,0.8214285714285714,0.0,0.0,0.0
2022,19,2022-19,United States Grand Prix,LAT,Williams,17.0,17.0,True,0,0,0.0,56,3,2,MEDIUM,M-M-H,False,0.0,0.32142857142857145,0.6785714285714286,0.0,0.0,0.0
2022,19,2022-19,United States Grand Prix,STR,Aston Martin,5.0,18.0,False,0,0,0.0,22,2,1,MEDIUM,M-M,False,0.0,1.0,0.0,0.0,0.0,0.0
2022,19,2022-19,United States Grand Prix,BOT,Alfa Romeo,7.0,19.0,False,0,0,0.0,17,2,1,MEDIUM,M-H,False,0.0,0.5882352941176471,0.4117647058823529,0.0,0.0,0.0
2022,19,2022-19,United States Grand Prix,SAI,Ferrari,1.0,20.0,False,0,0,0.0,1,1,0,MEDIUM,M,False,0.0,1.0,0.0,0.0,0.0,0.0
2022,20,2022-20,Mexico City Grand Prix,VER,Red Bull Racing,1.0,1.0,True,1,1,25.0,71,2,1,SOFT,S-M,False,0.352112676056338,0.647887323943662,0.0,0.0,0.0,0.0
2022,20,2022-20,Mexico City Grand Prix,HAM,Mercedes,3.0,2.0,True,0,1,18.0,71,2,1,MEDIUM,M-H,False,0.0,0.4084507042253521,0.5915492957746479,0.0,0.0,0.0
2022,20,2022-20,Mexico City Grand Prix,PER,Red Bull Racing,4.0,3.0,True,0,1,15.0,71,2,1,SOFT,S-M,False,0.323943661971831,0.676056338028169,0.0,0.0,0.0,0.0
2022,20,2022-20,Mexico City Grand Prix,RUS,Mercedes,2.0,4.0,True,0,0,13.0,71,3,2,MEDIUM,M-H-S,False,0.028169014084507043,0.4788732394366197,0.49295774647887325,0.0,0.0,0.0
2022,20,2022-20,Mexico City Grand Prix,SAI,Ferrari,5.0,5.0,True,0,0,10.0,71,2,1,SOFT,S-M,False,0.4084507042253521,0.5915492957746479,0.0,0.0,0.0,0.0
2022,20,2022-20,Mexico City Grand Prix,LEC,Ferrari,7.0,6.0,True,0,0,8.0,71,2,1,SOFT,S-M,False,0.39436619718309857,0.6056338028169014,0.0,0.0,0.0,0.0
2022,20,2022-20,Mexico City Grand Prix,RIC,McLaren,11.0,7.0,True,0,0,6.0,70,2,1,MEDIUM,M-S,False,0.37142857142857144,0.6285714285714286,0.0,0.0,0.0,0.0
2022,20,2022-20,Mexico City Grand Prix,OCO,Alpine,10.0,8.0,True,0,0,4.0,70,2,1,MEDIUM,M-H,False,0.0,0.4714285714285714,0.5285714285714286,0.0,0.0,0.0
2022,20,2022-20,Mexico City Grand Prix,NOR,McLaren,8.0,9.0,True,0,0,2.0,70,2,1,MEDIUM,M-H,False,0.0,0.44285714285714284,0.5571428571428572,0.0,0.0,0.0
2022,20,2022-20,Mexico City Grand Prix,BOT,Alfa Romeo,6.0,10.0,True,0,0,1.0,70,2,1,MEDIUM,M-H,False,0.0,0.5571428571428572,0.44285714285714284,0.0,0.0,0.0
2022,20,2022-20,Mexico City Grand Prix,GAS,AlphaTauri,14.0,11.0,True,0,0,0.0,70,2,1,MEDIUM,M-S,False,0.42857142857142855,0.5714285714285714,0.0,0.0,0.0,0.0
2022,20,2022-20,Mexico City Grand Prix,ALB,Williams,17.0,12.0,True,0,0,0.0,70,2,1,MEDIUM,M-S,False,0.45714285714285713,0.5428571428571428,0.0,0.0,0.0,0.0
2022,20,2022-20,Mexico City Grand Prix,ZHO,Alfa Romeo,12.0,13.0,True,0,0,0.0,70,2,1,MEDIUM,M-S,False,0.35714285714285715,0.6428571428571429,0.0,0.0,0.0,0.0
2022,20,2022-20,Mexico City Grand Prix,VET,Aston Martin,16.0,14.0,True,0,0,0.0,70,2,1,SOFT,S-M,False,0.5428571428571428,0.45714285714285713,0.0,0.0,0.0,0.0
2022,20,2022-20,Mexico City Grand Prix,STR,Aston Martin,20.0,15.0,True,0,0,0.0,70,3,2,MEDIUM,M-S-S,False,0.7571428571428571,0.24285714285714285,0.0,0.0,0.0,0.0
2022,20,2022-20,Mexico City Grand Prix,MSC,Haas F1 Team,15.0,16.0,True,0,0,0.0,70,2,1,SOFT,S-M,False,0.34285714285714286,0.6571428571428571,0.0,0.0,0.0,0.0
2022,20,2022-20,Mexico City Grand Prix,MAG,Haas F1 Team,19.0,17.0,True,0,0,0.0,70,2,1,MEDIUM,M-S,False,0.45714285714285713,0.5428571428571428,0.0,0.0,0.0,0.0
2022,20,2022-20,Mexico City Grand Prix,LAT,Williams,18.0,18.0,True,0,0,0.0,69,3,2,SOFT,S-H-S,False,0.5797101449275363,0.0,0.42028985507246375,0.0,0.0,0.0
2022,20,2022-20,Mexico City Grand Prix,ALO,Alpine,9.0,19.0,True,0,0,0.0,64,2,1,MEDIUM,M-H,False,0.0,0.625,0.375,0.0,0.0,0.0
2022,20,2022-20,Mexico City Grand Prix,TSU,AlphaTauri,13.0,20.0,False,0,0,0.0,50,2,1,SOFT,S-M,False,0.58,0.42,0.0,0.0,0.0,0.0
2022,21,2022-21,São Paulo Grand Prix,RUS,Mercedes,1.0,1.0,True,1,1,26.0,71,3,2,SOFT,S-M-S,False,0.647887323943662,0.352112676056338,0.0,0.0,0.0,0.0
2022,21,2022-21,São Paulo Grand Prix,HAM,Mercedes,2.0,2.0,True,0,1,18.0,71,3,2,SOFT,S-M-S,False,0.7323943661971831,0.2676056338028169,0.0,0.0,0.0,0.0
2022,21,2022-21,São Paulo Grand Prix,SAI,Ferrari,7.0,3.0,True,0,1,15.0,71,4,3,MEDIUM,M-S-M-S,False,0.5211267605633803,0.4788732394366197,0.0,0.0,0.0,0.0
2022,21,2022-21,São Paulo Grand Prix,LEC,Ferrari,5.0,4.0,True,0,0,12.0,71,4,3,MEDIUM,M-M-S-S,False,0.704225352112676,0.29577464788732394,0.0,0.0,0.0,0.0
2022,21,2022-21,São Paulo Grand Prix,ALO,Alpine,17.0,5.0,True,0,0,10.0,71,4,3,MEDIUM,M-M-M-S,False,0.2676056338028169,0.7323943661971831,0.0,0.0,0.0,0.0
2022,21,2022-21,São Paulo Grand Prix,VER,Red Bull Racing,3.0,6.0,True,0,0,8.0,71,4,3,SOFT,S-M-S-S,False,0.7746478873239436,0.22535211267605634,0.0,0.0,0.0,0.0
2022,21,2022-21,São Paulo Grand Prix,PER,Red Bull Racing,4.0,7.0,True,0,0,6.0,71,3,2,SOFT,S-M-M,False,0.323943661971831,0.676056338028169,0.0,0.0,0.0,0.0
2022,21,2022-21,São Paulo Grand Prix,OCO,Alpine,16.0,8.0,True,0,0,4.0,71,3,2,SOFT,S-M-S,False,0.676056338028169,0.323943661971831,0.0,0.0,0.0,0.0
2022,21,2022-21,São Paulo Grand Prix,BOT,Alfa Romeo,14.0,9.0,True,0,0,2.0,71,3,2,SOFT,S-M-S,False,0.704225352112676,0.29577464788732394,0.0,0.0,0.0,0.0
2022,21,2022-21,São Paulo Grand Prix,STR,Aston Martin,15.0,10.0,True,0,0,1.0,71,3,2,MEDIUM,M-M-S,False,0.323943661971831,0.676056338028169,0.0,0.0,0.0,0.0
2022,21,2022-21,São Paulo Grand Prix,VET,Aston Martin,9.0,11.0,True,0,0,0.0,71,3,2,SOFT,S-M-M,False,0.36619718309859156,0.6338028169014085,0.0,0.0,0.0,0.0
2022,21,2022-21,São Paulo Grand Prix,ZHO,Alfa Romeo,13.0,12.0,True,0,0,0.0,71,3,2,SOFT,S-M-S,False,0.704225352112676,0.29577464788732394,0.0,0.0,0.0,0.0
2022,21,2022-21,São Paulo Grand Prix,MSC,Haas F1 Team,12.0,13.0,True,0,0,0.0,71,3,2,MEDIUM,M-S-S,False,0.6619718309859155,0.3380281690140845,0.0,0.0,0.0,0.0
2022,21,2022-21,São Paulo Grand Prix,GAS,AlphaTauri,10.0,14.0,True,0,0,0.0,71,4,3,SOFT,S-M-S-M,False,0.5070422535211268,0.49295774647887325,0.0,0.0,0.0,0.0
2022,21,2022-21,São Paulo Grand Prix,ALB,Williams,19.0,15.0,True,0,0,0.0,71,4,3,HARD,H-M-M-M,False,0.0,0.9436619718309859,0.056338028169014086,0.0,0.0,0.0
2022,21,2022-21,São Paulo Grand Prix,LAT,Williams,18.0,16.0,True,0,0,0.0,71,4,3,MEDIUM,M-H-M-S,False,0.2676056338028169,0.5633802816901409,0.16901408450704225,0.0,0.0,0.0
2022,21,2022-21,São Paulo Grand Prix,TSU,AlphaTauri,20.0,17.0,True,0,0,0.0,70,4,3,MEDIUM,M-S-S-M,False,0.4857142857142857,0.5142857142857142,0.0,0.0,0.0,0.0
2022,21,2022-21,São Paulo Grand Prix,NOR,McLaren,6.0,18.0,False,0,0,0.0,51,3,2,SOFT,S-M-S,False,0.5882352941176471,0.4117647058823529,0.0,0.0,0.0,0.0
2022,21,2022-21,São Paulo Grand Prix,MAG,Haas F1 Team,8.0,19.0,False,0,0,0.0,1,1,0,MEDIUM,M,False,0.0,1.0,0.0,0.0,0.0,0.0
2022,21,2022-21,São Paulo Grand Prix,RIC,McLaren,11.0,20.0,False,0,0,0.0,1,1,0,SOFT,S,False,1.0,0.0,0.0,0.0,0.0,0.0
2022,22,2022-22,Abu Dhabi Grand Prix,VER,Red Bull Racing,1.0,1.0,True,1,1,25.0,58,2,1,MEDIUM,M-H,False,0.0,0.3448275862068966,0.6551724137931034,0.0,0.0,0.0
2022,22,2022-22,Abu Dhabi Grand Prix,LEC,Ferrari,3.0,2.0,True,0,1,18.0,58,2,1,MEDIUM,M-H,False,0.0,0.3620689655172414,0.6379310344827587,0.0,0.0,0.0
2022,22,2022-22,Abu Dhabi Grand Prix,PER,Red Bull Racing,2.0,3.0,True,0,1,15.0,58,3,2,MEDIUM,M-H-H,False,0.0,0.25862068965517243,0.7413793103448276,0.0,0.0,0.0
2022,22,2022-22,Abu Dhabi Grand Prix,SAI,Ferrari,4.0,4.0,True,0,0,12.0,58,3,2,MEDIUM,M-H-H,False,0.0,0.29310344827586204,0.7068965517241379,0.0,0.0,0.0
2022,22,2022-22,Abu Dhabi Grand Prix,RUS,Mercedes,6.0,5.0,True,0,0,10.0,58,3,2,MEDIUM,M-H-M,False,0.0,0.5862068965517241,0.41379310344827586,0.0,0.0,0.0
2022,22,2022-22,Abu Dhabi Grand Prix,NOR,McLaren,7.0,6.0,True,0,0,9.0,58,3,2,MEDIUM,M-H-M,False,0.0,0.5344827586206896,0.46551724137931033,0.0,0.0,0.0
2022,22,2022-22,Abu Dhabi Grand Prix,OCO,Alpine,8.0,7.0,True,0,0,6.0,58,3,2,MEDIUM,M-H-H,False,0.0,0.2413793103448276,0.7586206896551724,0.0,0.0,0.0
2022,22,2022-22,Abu Dhabi Grand Prix,STR,Aston Martin,14.0,8.0,True,0,0,4.0,58,3,2,MEDIUM,M-H-M,False,0.0,0.5344827586206896,0.46551724137931033,0.0,0.0,0.0
2022,22,2022-22,Abu Dhabi Grand Prix,RIC,McLaren,13.0,9.0,True,0,0,2.0,58,2,1,MEDIUM,M-H,False,0.0,0.3275862068965517,0.6724137931034483,0.0,0.0,0.0
2022,22,2022-22,Abu Dhabi Grand Prix,VET,Aston Martin,9.0,10.0,True,0,0,1.0,58,2,1,MEDIUM,M-H,False,0.0,0.43103448275862066,0.5689655172413793,0.0,0.0,0.0
2022,22,2022-22,Abu Dhabi Grand Prix,TSU,AlphaTauri,11.0,11.0,True,0,0,0.0,58,3,2,MEDIUM,M-H-S,False,0.3448275862068966,0.2413793103448276,0.41379310344827586,0.0,0.0,0.0
2022,22,2022-22,Abu Dhabi Grand Prix,ZHO,Alfa Romeo,15.0,12.0,True,0,0,0.0,57,3,2,MEDIUM,M-H-S,False,0.22807017543859648,0.2631578947368421,0.5087719298245614,0.0,0.0,0.0
2022,22,2022-22,Abu Dhabi Grand Prix,ALB,Williams,19.0,13.0,True,0,0,0.0,57,3,2,MEDIUM,M-H-M,False,0.0,0.5964912280701754,0.40350877192982454,0.0,0.0,0.0
2022,22,2022-22,Abu Dhabi Grand Prix,GAS,AlphaTauri,17.0,14.0,True,0,0,0.0,57,2,1,SOFT,S-H,False,0.24561403508771928,0.0,0.7543859649122807,0.0,0.0,0.0
2022,22,2022-22,Abu Dhabi Grand Prix,BOT,Alfa Romeo,18.0,15.0,True,0,0,0.0,57,2,1,HARD,H-M,False,0.0,0.47368421052631576,0.5263157894736842,0.0,0.0,0.0
2022,22,2022-22,Abu Dhabi Grand Prix,MSC,Haas F1 Team,12.0,16.0,True,0,0,0.0,57,3,2,MEDIUM,M-H-M,False,0.0,0.6491228070175439,0.3508771929824561,0.0,0.0,0.0
2022,22,2022-22,Abu Dhabi Grand Prix,MAG,Haas F1 Team,16.0,17.0,True,0,0,0.0,57,2,1,HARD,H-M,False,0.0,0.5087719298245614,0.49122807017543857,0.0,0.0,0.0
2022,22,2022-22,Abu Dhabi Grand Prix,HAM,Mercedes,5.0,18.0,True,0,0,0.0,55,2,1,MEDIUM,M-H,False,0.0,0.32727272727272727,0.6727272727272727,0.0,0.0,0.0
2022,22,2022-22,Abu Dhabi Grand Prix,LAT,Williams,20.0,19.0,True,0,0,0.0,55,3,2,MEDIUM,M-H-M,False,0.0,0.5818181818181818,0.41818181818181815,0.0,0.0,0.0
2022,22,2022-22,Abu Dhabi Grand Prix,ALO,Alpine,10.0,20.0,False,0,0,0.0,27,2,1,MEDIUM,M-H,False,0.0,0.7037037037037037,0.2962962962962963,0.0,0.0,0.0
